id,architecture_id,name,architecture_lv,architecture_type,click_num,effect_type,effect_id,effect_val_type,effect_val,effect_dec,guild_click_num,guild_effect_type,guild_effect_val_type,guild_effect_val
v:number,v:number,v:string,v:number,v:number,v:number,v:number,v:number,v:number,v:number,v:string,v:number,v:number,v:number,v:number
id,建筑id,建筑或科技名字,等级,类型：1-资源建筑，3-科研项目，4-特殊建筑,升级所需次数（改造/研究）,升级作用类型：1-指定资源产量（X个/小时），2-指定工匠等级上限，3-指定副本休息时间减少X%,4-指定资源产量增加百分比，5-佣兵等级上限,6-商会联盟人数上限,升级作用需要的id,升级作用参数类型：1-常数 2-百分比,升级作用参数（0.2代表20%，整数代表常数）,功能描述,公会加成升级所需次数,公会加成效果类型:1-百分比（X/100）2-常数,公会升级作用参数类型：1-常数 2-百分比,公会升级效果加成参数
1,1000,铁矿厂,1,1,3,1,20001,1,360,铁矿产量增加,15,1,1,72
2,1000,铁矿厂,2,1,10,1,20001,1,405,铁矿产量增加,50,1,1,81
3,1000,铁矿厂,3,1,40,1,20001,1,450,铁矿产量增加,200,1,1,90
4,1000,铁矿厂,4,1,60,1,20001,1,495,铁矿产量增加,300,1,1,99
5,1000,铁矿厂,5,1,150,1,20001,1,540,铁矿产量增加,750,1,1,108
6,1000,铁矿厂,6,1,320,1,20001,1,585,铁矿产量增加,1600,1,1,117
7,1000,铁矿厂,7,1,500,1,20001,1,630,铁矿产量增加,2500,1,1,126
8,1000,铁矿厂,8,1,700,1,20001,1,675,铁矿产量增加,3500,1,1,135
9,1000,铁矿厂,9,1,1080,1,20001,1,720,铁矿产量增加,5400,1,1,144
10,1000,铁矿厂,10,1,1500,1,20001,1,765,铁矿产量增加,7500,1,1,153
11,1000,铁矿厂,11,1,2170,1,20001,1,810,铁矿产量增加,10850,1,1,162
12,1000,铁矿厂,12,1,3200,1,20001,1,855,铁矿产量增加,16000,1,1,171
13,1000,铁矿厂,13,1,5000,1,20001,1,900,铁矿产量增加,25000,1,1,180
14,1000,铁矿厂,14,1,6930,1,20001,1,945,铁矿产量增加,34650,1,1,189
15,1000,铁矿厂,15,1,9000,1,20001,1,990,铁矿产量增加,45000,1,1,198
16,1000,铁矿厂,16,1,11900,1,20001,1,1035,铁矿产量增加,59500,1,1,207
17,1000,铁矿厂,17,1,15200,1,20001,1,1080,铁矿产量增加,76000,1,1,216
18,1000,铁矿厂,18,1,18720,1,20001,1,1140,铁矿产量增加,93600,1,1,228
19,1000,铁矿厂,19,1,22800,1,20001,1,1200,铁矿产量增加,114000,1,1,240
20,1000,铁矿厂,20,1,24700,1,20001,1,1320,铁矿产量增加,123500,1,1,264
21,1100,伐木场,1,1,3,1,20002,1,360,木材产量增加,15,1,1,72
22,1100,伐木场,2,1,10,1,20002,1,405,木材产量增加,50,1,1,81
23,1100,伐木场,3,1,40,1,20002,1,450,木材产量增加,200,1,1,90
24,1100,伐木场,4,1,60,1,20002,1,495,木材产量增加,300,1,1,99
25,1100,伐木场,5,1,150,1,20002,1,540,木材产量增加,750,1,1,108
26,1100,伐木场,6,1,320,1,20002,1,585,木材产量增加,1600,1,1,117
27,1100,伐木场,7,1,500,1,20002,1,630,木材产量增加,2500,1,1,126
28,1100,伐木场,8,1,700,1,20002,1,675,木材产量增加,3500,1,1,135
29,1100,伐木场,9,1,1080,1,20002,1,720,木材产量增加,5400,1,1,144
30,1100,伐木场,10,1,1500,1,20002,1,765,木材产量增加,7500,1,1,153
31,1100,伐木场,11,1,2170,1,20002,1,810,木材产量增加,10850,1,1,162
32,1100,伐木场,12,1,3200,1,20002,1,855,木材产量增加,16000,1,1,171
33,1100,伐木场,13,1,5000,1,20002,1,900,木材产量增加,25000,1,1,180
34,1100,伐木场,14,1,6930,1,20002,1,945,木材产量增加,34650,1,1,189
35,1100,伐木场,15,1,9000,1,20002,1,990,木材产量增加,45000,1,1,198
36,1100,伐木场,16,1,11900,1,20002,1,1035,木材产量增加,59500,1,1,207
37,1100,伐木场,17,1,15200,1,20002,1,1080,木材产量增加,76000,1,1,216
38,1100,伐木场,18,1,18720,1,20002,1,1140,木材产量增加,93600,1,1,228
39,1100,伐木场,19,1,22800,1,20002,1,1200,木材产量增加,114000,1,1,240
40,1100,伐木场,20,1,24700,1,20002,1,1320,木材产量增加,123500,1,1,264
41,1200,皮革厂,1,1,3,1,20003,1,360,皮革产量增加,15,1,1,72
42,1200,皮革厂,2,1,10,1,20003,1,405,皮革产量增加,50,1,1,81
43,1200,皮革厂,3,1,40,1,20003,1,450,皮革产量增加,200,1,1,90
44,1200,皮革厂,4,1,60,1,20003,1,495,皮革产量增加,300,1,1,99
45,1200,皮革厂,5,1,150,1,20003,1,540,皮革产量增加,750,1,1,108
46,1200,皮革厂,6,1,320,1,20003,1,585,皮革产量增加,1600,1,1,117
47,1200,皮革厂,7,1,500,1,20003,1,630,皮革产量增加,2500,1,1,126
48,1200,皮革厂,8,1,700,1,20003,1,675,皮革产量增加,3500,1,1,135
49,1200,皮革厂,9,1,1080,1,20003,1,720,皮革产量增加,5400,1,1,144
50,1200,皮革厂,10,1,1500,1,20003,1,765,皮革产量增加,7500,1,1,153
51,1200,皮革厂,11,1,2170,1,20003,1,810,皮革产量增加,10850,1,1,162
52,1200,皮革厂,12,1,3200,1,20003,1,855,皮革产量增加,16000,1,1,171
53,1200,皮革厂,13,1,5000,1,20003,1,900,皮革产量增加,25000,1,1,180
54,1200,皮革厂,14,1,6930,1,20003,1,945,皮革产量增加,34650,1,1,189
55,1200,皮革厂,15,1,9000,1,20003,1,990,皮革产量增加,45000,1,1,198
56,1200,皮革厂,16,1,11900,1,20003,1,1035,皮革产量增加,59500,1,1,207
57,1200,皮革厂,17,1,15200,1,20003,1,1080,皮革产量增加,76000,1,1,216
58,1200,皮革厂,18,1,18720,1,20003,1,1140,皮革产量增加,93600,1,1,228
59,1200,皮革厂,19,1,22800,1,20003,1,1200,皮革产量增加,114000,1,1,240
60,1200,皮革厂,20,1,24700,1,20003,1,1320,皮革产量增加,123500,1,1,264
61,1300,纺织厂,1,1,3,1,20007,1,45,布料产量增加,15,1,1,72
62,1300,纺织厂,2,1,10,1,20007,1,60,布料产量增加,50,1,1,81
63,1300,纺织厂,3,1,40,1,20007,1,75,布料产量增加,200,1,1,90
64,1300,纺织厂,4,1,60,1,20007,1,90,布料产量增加,300,1,1,99
65,1300,纺织厂,5,1,150,1,20007,1,105,布料产量增加,750,1,1,108
66,1300,纺织厂,6,1,320,1,20007,1,120,布料产量增加,1600,1,1,117
67,1300,纺织厂,7,1,500,1,20007,1,135,布料产量增加,2500,1,1,126
68,1300,纺织厂,8,1,700,1,20007,1,150,布料产量增加,3500,1,1,135
69,1300,纺织厂,9,1,1080,1,20007,1,165,布料产量增加,5400,1,1,144
70,1300,纺织厂,10,1,1500,1,20007,1,180,布料产量增加,7500,1,1,153
71,1300,纺织厂,11,1,2170,1,20007,1,195,布料产量增加,10850,1,1,162
72,1300,纺织厂,12,1,3200,1,20007,1,210,布料产量增加,16000,1,1,171
73,1300,纺织厂,13,1,5000,1,20007,1,225,布料产量增加,25000,1,1,180
74,1300,纺织厂,14,1,6930,1,20007,1,240,布料产量增加,34650,1,1,189
75,1300,纺织厂,15,1,9000,1,20007,1,255,布料产量增加,45000,1,1,198
76,1300,纺织厂,16,1,11900,1,20007,1,270,布料产量增加,59500,1,1,207
77,1300,纺织厂,17,1,15200,1,20007,1,285,布料产量增加,76000,1,1,216
78,1300,纺织厂,18,1,18720,1,20007,1,300,布料产量增加,93600,1,1,228
79,1300,纺织厂,19,1,22800,1,20007,1,315,布料产量增加,114000,1,1,240
80,1300,纺织厂,20,1,24700,1,20007,1,330,布料产量增加,123500,1,1,264
81,1400,化学制剂厂,1,1,3,1,20004,1,360,化学制剂产量增加,15,1,1,9
82,1400,化学制剂厂,2,1,10,1,20004,1,405,化学制剂产量增加,50,1,1,12
83,1400,化学制剂厂,3,1,40,1,20004,1,450,化学制剂产量增加,200,1,1,15
84,1400,化学制剂厂,4,1,60,1,20004,1,495,化学制剂产量增加,300,1,1,18
85,1400,化学制剂厂,5,1,150,1,20004,1,540,化学制剂产量增加,750,1,1,21
86,1400,化学制剂厂,6,1,320,1,20004,1,585,化学制剂产量增加,1600,1,1,24
87,1400,化学制剂厂,7,1,500,1,20004,1,630,化学制剂产量增加,2500,1,1,27
88,1400,化学制剂厂,8,1,700,1,20004,1,675,化学制剂产量增加,3500,1,1,30
89,1400,化学制剂厂,9,1,1080,1,20004,1,720,化学制剂产量增加,5400,1,1,33
90,1400,化学制剂厂,10,1,1500,1,20004,1,765,化学制剂产量增加,7500,1,1,36
91,1400,化学制剂厂,11,1,2170,1,20004,1,810,化学制剂产量增加,10850,1,1,39
92,1400,化学制剂厂,12,1,3200,1,20004,1,855,化学制剂产量增加,16000,1,1,42
93,1400,化学制剂厂,13,1,5000,1,20004,1,900,化学制剂产量增加,25000,1,1,45
94,1400,化学制剂厂,14,1,6930,1,20004,1,945,化学制剂产量增加,34650,1,1,48
95,1400,化学制剂厂,15,1,9000,1,20004,1,990,化学制剂产量增加,45000,1,1,51
96,1400,化学制剂厂,16,1,11900,1,20004,1,1035,化学制剂产量增加,59500,1,1,54
97,1400,化学制剂厂,17,1,15200,1,20004,1,1080,化学制剂产量增加,76000,1,1,57
98,1400,化学制剂厂,18,1,18720,1,20004,1,1140,化学制剂产量增加,93600,1,1,60
99,1400,化学制剂厂,19,1,22800,1,20004,1,1200,化学制剂产量增加,114000,1,1,63
100,1400,化学制剂厂,20,1,24700,1,20004,1,1320,化学制剂产量增加,123500,1,1,66
101,1500,炼钢厂,1,1,3,1,20005,1,45,钢材产量增加,15,1,1,9
102,1500,炼钢厂,2,1,10,1,20005,1,60,钢材产量增加,50,1,1,12
103,1500,炼钢厂,3,1,40,1,20005,1,75,钢材产量增加,200,1,1,15
104,1500,炼钢厂,4,1,60,1,20005,1,90,钢材产量增加,300,1,1,18
105,1500,炼钢厂,5,1,150,1,20005,1,105,钢材产量增加,750,1,1,21
106,1500,炼钢厂,6,1,320,1,20005,1,120,钢材产量增加,1600,1,1,24
107,1500,炼钢厂,7,1,500,1,20005,1,135,钢材产量增加,2500,1,1,27
108,1500,炼钢厂,8,1,700,1,20005,1,150,钢材产量增加,3500,1,1,30
109,1500,炼钢厂,9,1,1080,1,20005,1,165,钢材产量增加,5400,1,1,33
110,1500,炼钢厂,10,1,1500,1,20005,1,180,钢材产量增加,7500,1,1,36
111,1500,炼钢厂,11,1,2170,1,20005,1,195,钢材产量增加,10850,1,1,39
112,1500,炼钢厂,12,1,3200,1,20005,1,210,钢材产量增加,16000,1,1,42
113,1500,炼钢厂,13,1,5000,1,20005,1,225,钢材产量增加,25000,1,1,45
114,1500,炼钢厂,14,1,6930,1,20005,1,240,钢材产量增加,34650,1,1,48
115,1500,炼钢厂,15,1,9000,1,20005,1,255,钢材产量增加,45000,1,1,51
116,1500,炼钢厂,16,1,11900,1,20005,1,270,钢材产量增加,59500,1,1,54
117,1500,炼钢厂,17,1,15200,1,20005,1,285,钢材产量增加,76000,1,1,57
118,1500,炼钢厂,18,1,18720,1,20005,1,300,钢材产量增加,93600,1,1,60
119,1500,炼钢厂,19,1,22800,1,20005,1,315,钢材产量增加,114000,1,1,63
120,1500,炼钢厂,20,1,24700,1,20005,1,330,钢材产量增加,123500,1,1,66
121,1600,橡胶工厂,1,1,3,1,20006,1,45,橡胶产量增加,15,1,1,9
122,1600,橡胶工厂,2,1,10,1,20006,1,60,橡胶产量增加,50,1,1,12
123,1600,橡胶工厂,3,1,40,1,20006,1,75,橡胶产量增加,200,1,1,15
124,1600,橡胶工厂,4,1,60,1,20006,1,90,橡胶产量增加,300,1,1,18
125,1600,橡胶工厂,5,1,150,1,20006,1,105,橡胶产量增加,750,1,1,21
126,1600,橡胶工厂,6,1,320,1,20006,1,120,橡胶产量增加,1600,1,1,24
127,1600,橡胶工厂,7,1,500,1,20006,1,135,橡胶产量增加,2500,1,1,27
128,1600,橡胶工厂,8,1,700,1,20006,1,150,橡胶产量增加,3500,1,1,30
129,1600,橡胶工厂,9,1,1080,1,20006,1,165,橡胶产量增加,5400,1,1,33
130,1600,橡胶工厂,10,1,1500,1,20006,1,180,橡胶产量增加,7500,1,1,36
131,1600,橡胶工厂,11,1,2170,1,20006,1,195,橡胶产量增加,10850,1,1,39
132,1600,橡胶工厂,12,1,3200,1,20006,1,210,橡胶产量增加,16000,1,1,42
133,1600,橡胶工厂,13,1,5000,1,20006,1,225,橡胶产量增加,25000,1,1,45
134,1600,橡胶工厂,14,1,6930,1,20006,1,240,橡胶产量增加,34650,1,1,48
135,1600,橡胶工厂,15,1,9000,1,20006,1,255,橡胶产量增加,45000,1,1,51
136,1600,橡胶工厂,16,1,11900,1,20006,1,270,橡胶产量增加,59500,1,1,54
137,1600,橡胶工厂,17,1,15200,1,20006,1,285,橡胶产量增加,76000,1,1,57
138,1600,橡胶工厂,18,1,18720,1,20006,1,300,橡胶产量增加,93600,1,1,60
139,1600,橡胶工厂,19,1,22800,1,20006,1,315,橡胶产量增加,114000,1,1,63
140,1600,橡胶工厂,20,1,24700,1,20006,1,330,橡胶产量增加,123500,1,1,66
141,1700,炼油厂,1,1,3,1,20008,1,45,油料产量增加,15,1,1,9
142,1700,炼油厂,2,1,10,1,20008,1,60,油料产量增加,50,1,1,12
143,1700,炼油厂,3,1,40,1,20008,1,75,油料产量增加,200,1,1,15
144,1700,炼油厂,4,1,60,1,20008,1,90,油料产量增加,300,1,1,18
145,1700,炼油厂,5,1,150,1,20008,1,105,油料产量增加,750,1,1,21
146,1700,炼油厂,6,1,320,1,20008,1,120,油料产量增加,1600,1,1,24
147,1700,炼油厂,7,1,500,1,20008,1,135,油料产量增加,2500,1,1,27
148,1700,炼油厂,8,1,700,1,20008,1,150,油料产量增加,3500,1,1,30
149,1700,炼油厂,9,1,1080,1,20008,1,165,油料产量增加,5400,1,1,33
150,1700,炼油厂,10,1,1500,1,20008,1,180,油料产量增加,7500,1,1,36
151,1700,炼油厂,11,1,2170,1,20008,1,195,油料产量增加,10850,1,1,39
152,1700,炼油厂,12,1,3200,1,20008,1,210,油料产量增加,16000,1,1,42
153,1700,炼油厂,13,1,5000,1,20008,1,225,油料产量增加,25000,1,1,45
154,1700,炼油厂,14,1,6930,1,20008,1,240,油料产量增加,34650,1,1,48
155,1700,炼油厂,15,1,9000,1,20008,1,255,油料产量增加,45000,1,1,51
156,1700,炼油厂,16,1,11900,1,20008,1,270,油料产量增加,59500,1,1,54
157,1700,炼油厂,17,1,15200,1,20008,1,285,油料产量增加,76000,1,1,57
158,1700,炼油厂,18,1,18720,1,20008,1,300,油料产量增加,93600,1,1,60
159,1700,炼油厂,19,1,22800,1,20008,1,315,油料产量增加,114000,1,1,63
160,1700,炼油厂,20,1,24700,1,20008,1,330,油料产量增加,123500,1,1,66
161,1800,玻璃工厂,1,1,3,1,20010,1,6,玻璃产量增加,15,1,1,1
162,1800,玻璃工厂,2,1,10,1,20010,1,9,玻璃产量增加,50,1,1,2
163,1800,玻璃工厂,3,1,40,1,20010,1,12,玻璃产量增加,200,1,1,3
164,1800,玻璃工厂,4,1,60,1,20010,1,15,玻璃产量增加,300,1,1,4
165,1800,玻璃工厂,5,1,150,1,20010,1,18,玻璃产量增加,750,1,1,5
166,1800,玻璃工厂,6,1,320,1,20010,1,21,玻璃产量增加,1600,1,1,6
167,1800,玻璃工厂,7,1,500,1,20010,1,24,玻璃产量增加,2500,1,1,7
168,1800,玻璃工厂,8,1,700,1,20010,1,27,玻璃产量增加,3500,1,1,8
169,1800,玻璃工厂,9,1,1080,1,20010,1,30,玻璃产量增加,5400,1,1,9
170,1800,玻璃工厂,10,1,1500,1,20010,1,33,玻璃产量增加,7500,1,1,10
171,1800,玻璃工厂,11,1,2170,1,20010,1,36,玻璃产量增加,10850,1,1,11
172,1800,玻璃工厂,12,1,3200,1,20010,1,39,玻璃产量增加,16000,1,1,12
173,1800,玻璃工厂,13,1,5000,1,20010,1,42,玻璃产量增加,25000,1,1,13
174,1800,玻璃工厂,14,1,6930,1,20010,1,45,玻璃产量增加,34650,1,1,14
175,1800,玻璃工厂,15,1,9000,1,20010,1,48,玻璃产量增加,45000,1,1,15
176,1800,玻璃工厂,16,1,11900,1,20010,1,51,玻璃产量增加,59500,1,1,16
177,1800,玻璃工厂,17,1,15200,1,20010,1,54,玻璃产量增加,76000,1,1,17
178,1800,玻璃工厂,18,1,18720,1,20010,1,60,玻璃产量增加,93600,1,1,18
179,1800,玻璃工厂,19,1,22800,1,20010,1,66,玻璃产量增加,114000,1,1,19
180,1800,玻璃工厂,20,1,24700,1,20010,1,75,玻璃产量增加,123500,1,1,20
181,1900,芯片工厂,1,1,3,1,20009,1,6,芯片产量增加,15,1,1,1
182,1900,芯片工厂,2,1,10,1,20009,1,9,芯片产量增加,50,1,1,2
183,1900,芯片工厂,3,1,40,1,20009,1,12,芯片产量增加,200,1,1,3
184,1900,芯片工厂,4,1,60,1,20009,1,15,芯片产量增加,300,1,1,4
185,1900,芯片工厂,5,1,150,1,20009,1,18,芯片产量增加,750,1,1,5
186,1900,芯片工厂,6,1,320,1,20009,1,21,芯片产量增加,1600,1,1,6
187,1900,芯片工厂,7,1,500,1,20009,1,24,芯片产量增加,2500,1,1,7
188,1900,芯片工厂,8,1,700,1,20009,1,27,芯片产量增加,3500,1,1,8
189,1900,芯片工厂,9,1,1080,1,20009,1,30,芯片产量增加,5400,1,1,9
190,1900,芯片工厂,10,1,1500,1,20009,1,33,芯片产量增加,7500,1,1,10
191,1900,芯片工厂,11,1,2170,1,20009,1,36,芯片产量增加,10850,1,1,11
192,1900,芯片工厂,12,1,3200,1,20009,1,39,芯片产量增加,16000,1,1,12
193,1900,芯片工厂,13,1,5000,1,20009,1,42,芯片产量增加,25000,1,1,13
194,1900,芯片工厂,14,1,6930,1,20009,1,45,芯片产量增加,34650,1,1,14
195,1900,芯片工厂,15,1,9000,1,20009,1,48,芯片产量增加,45000,1,1,15
196,1900,芯片工厂,16,1,11900,1,20009,1,51,芯片产量增加,59500,1,1,16
197,1900,芯片工厂,17,1,15200,1,20009,1,54,芯片产量增加,76000,1,1,17
198,1900,芯片工厂,18,1,18720,1,20009,1,60,芯片产量增加,93600,1,1,18
199,1900,芯片工厂,19,1,22800,1,20009,1,66,芯片产量增加,114000,1,1,19
200,1900,芯片工厂,20,1,24700,1,20009,1,75,芯片产量增加,123500,1,1,20
201,2400,铸造工艺研究,1,3,3,2,1,1,3,工匠-威廉等级上限增加,15,2,1,1
202,2400,铸造工艺研究,2,3,10,2,1,1,5,工匠-威廉等级上限增加,50,2,1,2
203,2400,铸造工艺研究,3,3,40,2,1,1,7,工匠-威廉等级上限增加,200,2,1,3
204,2400,铸造工艺研究,4,3,60,2,1,1,9,工匠-威廉等级上限增加,300,2,1,4
205,2400,铸造工艺研究,5,3,150,2,1,1,11,工匠-威廉等级上限增加,750,2,1,5
206,2400,铸造工艺研究,6,3,320,2,1,1,13,工匠-威廉等级上限增加,1600,2,1,6
207,2400,铸造工艺研究,7,3,500,2,1,1,15,工匠-威廉等级上限增加,2500,2,1,7
208,2400,铸造工艺研究,8,3,700,2,1,1,17,工匠-威廉等级上限增加,3500,2,1,8
209,2400,铸造工艺研究,9,3,1080,2,1,1,19,工匠-威廉等级上限增加,5400,2,1,9
210,2400,铸造工艺研究,10,3,1500,2,1,1,21,工匠-威廉等级上限增加,7500,2,1,10
211,2400,铸造工艺研究,11,3,2170,2,1,1,23,工匠-威廉等级上限增加,10850,2,1,11
212,2400,铸造工艺研究,12,3,3200,2,1,1,25,工匠-威廉等级上限增加,16000,2,1,12
213,2400,铸造工艺研究,13,3,5000,2,1,1,27,工匠-威廉等级上限增加,25000,2,1,13
214,2400,铸造工艺研究,14,3,6930,2,1,1,29,工匠-威廉等级上限增加,34650,2,1,14
215,2400,铸造工艺研究,15,3,9000,2,1,1,31,工匠-威廉等级上限增加,45000,2,1,15
216,2400,铸造工艺研究,16,3,11900,2,1,1,33,工匠-威廉等级上限增加,59500,2,1,16
217,2400,铸造工艺研究,17,3,15200,2,1,1,35,工匠-威廉等级上限增加,76000,2,1,17
218,2400,铸造工艺研究,18,3,18720,2,1,1,37,工匠-威廉等级上限增加,93600,2,1,18
219,2400,铸造工艺研究,19,3,22800,2,1,1,39,工匠-威廉等级上限增加,114000,2,1,19
220,2400,铸造工艺研究,20,3,24700,2,1,1,40,工匠-威廉等级上限增加,123500,2,1,20
221,2500,木材工艺研究,1,3,3,2,2,1,3,工匠-约翰等级上限增加,15,2,1,1
222,2500,木材工艺研究,2,3,10,2,2,1,5,工匠-约翰等级上限增加,50,2,1,2
223,2500,木材工艺研究,3,3,40,2,2,1,7,工匠-约翰等级上限增加,200,2,1,3
224,2500,木材工艺研究,4,3,60,2,2,1,9,工匠-约翰等级上限增加,300,2,1,4
225,2500,木材工艺研究,5,3,150,2,2,1,11,工匠-约翰等级上限增加,750,2,1,5
226,2500,木材工艺研究,6,3,320,2,2,1,13,工匠-约翰等级上限增加,1600,2,1,6
227,2500,木材工艺研究,7,3,500,2,2,1,15,工匠-约翰等级上限增加,2500,2,1,7
228,2500,木材工艺研究,8,3,700,2,2,1,17,工匠-约翰等级上限增加,3500,2,1,8
229,2500,木材工艺研究,9,3,1080,2,2,1,19,工匠-约翰等级上限增加,5400,2,1,9
230,2500,木材工艺研究,10,3,1500,2,2,1,21,工匠-约翰等级上限增加,7500,2,1,10
231,2500,木材工艺研究,11,3,2170,2,2,1,23,工匠-约翰等级上限增加,10850,2,1,11
232,2500,木材工艺研究,12,3,3200,2,2,1,25,工匠-约翰等级上限增加,16000,2,1,12
233,2500,木材工艺研究,13,3,5000,2,2,1,27,工匠-约翰等级上限增加,25000,2,1,13
234,2500,木材工艺研究,14,3,6930,2,2,1,29,工匠-约翰等级上限增加,34650,2,1,14
235,2500,木材工艺研究,15,3,9000,2,2,1,31,工匠-约翰等级上限增加,45000,2,1,15
236,2500,木材工艺研究,16,3,11900,2,2,1,33,工匠-约翰等级上限增加,59500,2,1,16
237,2500,木材工艺研究,17,3,15200,2,2,1,35,工匠-约翰等级上限增加,76000,2,1,17
238,2500,木材工艺研究,18,3,18720,2,2,1,37,工匠-约翰等级上限增加,93600,2,1,18
239,2500,木材工艺研究,19,3,22800,2,2,1,39,工匠-约翰等级上限增加,114000,2,1,19
240,2500,木材工艺研究,20,3,24700,2,2,1,40,工匠-约翰等级上限增加,123500,2,1,20
241,2600,服装工艺研究,1,3,3,2,3,1,3,工匠-琳等级上限增加,15,2,1,1
242,2600,服装工艺研究,2,3,10,2,3,1,5,工匠-琳等级上限增加,50,2,1,2
243,2600,服装工艺研究,3,3,40,2,3,1,7,工匠-琳等级上限增加,200,2,1,3
244,2600,服装工艺研究,4,3,60,2,3,1,9,工匠-琳等级上限增加,300,2,1,4
245,2600,服装工艺研究,5,3,150,2,3,1,11,工匠-琳等级上限增加,750,2,1,5
246,2600,服装工艺研究,6,3,320,2,3,1,13,工匠-琳等级上限增加,1600,2,1,6
247,2600,服装工艺研究,7,3,500,2,3,1,15,工匠-琳等级上限增加,2500,2,1,7
248,2600,服装工艺研究,8,3,700,2,3,1,17,工匠-琳等级上限增加,3500,2,1,8
249,2600,服装工艺研究,9,3,1080,2,3,1,19,工匠-琳等级上限增加,5400,2,1,9
250,2600,服装工艺研究,10,3,1500,2,3,1,21,工匠-琳等级上限增加,7500,2,1,10
251,2600,服装工艺研究,11,3,2170,2,3,1,23,工匠-琳等级上限增加,10850,2,1,11
252,2600,服装工艺研究,12,3,3200,2,3,1,25,工匠-琳等级上限增加,16000,2,1,12
253,2600,服装工艺研究,13,3,5000,2,3,1,27,工匠-琳等级上限增加,25000,2,1,13
254,2600,服装工艺研究,14,3,6930,2,3,1,29,工匠-琳等级上限增加,34650,2,1,14
255,2600,服装工艺研究,15,3,9000,2,3,1,31,工匠-琳等级上限增加,45000,2,1,15
256,2600,服装工艺研究,16,3,11900,2,3,1,33,工匠-琳等级上限增加,59500,2,1,16
257,2600,服装工艺研究,17,3,15200,2,3,1,35,工匠-琳等级上限增加,76000,2,1,17
258,2600,服装工艺研究,18,3,18720,2,3,1,37,工匠-琳等级上限增加,93600,2,1,18
259,2600,服装工艺研究,19,3,22800,2,3,1,39,工匠-琳等级上限增加,114000,2,1,19
260,2600,服装工艺研究,20,3,24700,2,3,1,40,工匠-琳等级上限增加,123500,2,1,20
261,2700,手工工艺研究,1,3,3,2,4,1,3,工匠-左纳等级上限增加,15,2,1,1
262,2700,手工工艺研究,2,3,10,2,4,1,5,工匠-左纳等级上限增加,50,2,1,2
263,2700,手工工艺研究,3,3,40,2,4,1,7,工匠-左纳等级上限增加,200,2,1,3
264,2700,手工工艺研究,4,3,60,2,4,1,9,工匠-左纳等级上限增加,300,2,1,4
265,2700,手工工艺研究,5,3,150,2,4,1,11,工匠-左纳等级上限增加,750,2,1,5
266,2700,手工工艺研究,6,3,320,2,4,1,13,工匠-左纳等级上限增加,1600,2,1,6
267,2700,手工工艺研究,7,3,500,2,4,1,15,工匠-左纳等级上限增加,2500,2,1,7
268,2700,手工工艺研究,8,3,700,2,4,1,17,工匠-左纳等级上限增加,3500,2,1,8
269,2700,手工工艺研究,9,3,1080,2,4,1,19,工匠-左纳等级上限增加,5400,2,1,9
270,2700,手工工艺研究,10,3,1500,2,4,1,21,工匠-左纳等级上限增加,7500,2,1,10
271,2700,手工工艺研究,11,3,2170,2,4,1,23,工匠-左纳等级上限增加,10850,2,1,11
272,2700,手工工艺研究,12,3,3200,2,4,1,25,工匠-左纳等级上限增加,16000,2,1,12
273,2700,手工工艺研究,13,3,5000,2,4,1,27,工匠-左纳等级上限增加,25000,2,1,13
274,2700,手工工艺研究,14,3,6930,2,4,1,29,工匠-左纳等级上限增加,34650,2,1,14
275,2700,手工工艺研究,15,3,9000,2,4,1,31,工匠-左纳等级上限增加,45000,2,1,15
276,2700,手工工艺研究,16,3,11900,2,4,1,33,工匠-左纳等级上限增加,59500,2,1,16
277,2700,手工工艺研究,17,3,15200,2,4,1,35,工匠-左纳等级上限增加,76000,2,1,17
278,2700,手工工艺研究,18,3,18720,2,4,1,37,工匠-左纳等级上限增加,93600,2,1,18
279,2700,手工工艺研究,19,3,22800,2,4,1,39,工匠-左纳等级上限增加,114000,2,1,19
280,2700,手工工艺研究,20,3,24700,2,4,1,40,工匠-左纳等级上限增加,123500,2,1,20
281,2800,化学工艺研究,1,3,3,2,5,1,3,工匠-艾拉等级上限增加,15,2,1,1
282,2800,化学工艺研究,2,3,10,2,5,1,5,工匠-艾拉等级上限增加,50,2,1,2
283,2800,化学工艺研究,3,3,40,2,5,1,7,工匠-艾拉等级上限增加,200,2,1,3
284,2800,化学工艺研究,4,3,60,2,5,1,9,工匠-艾拉等级上限增加,300,2,1,4
285,2800,化学工艺研究,5,3,150,2,5,1,11,工匠-艾拉等级上限增加,750,2,1,5
286,2800,化学工艺研究,6,3,320,2,5,1,13,工匠-艾拉等级上限增加,1600,2,1,6
287,2800,化学工艺研究,7,3,500,2,5,1,15,工匠-艾拉等级上限增加,2500,2,1,7
288,2800,化学工艺研究,8,3,700,2,5,1,17,工匠-艾拉等级上限增加,3500,2,1,8
289,2800,化学工艺研究,9,3,1080,2,5,1,19,工匠-艾拉等级上限增加,5400,2,1,9
290,2800,化学工艺研究,10,3,1500,2,5,1,21,工匠-艾拉等级上限增加,7500,2,1,10
291,2800,化学工艺研究,11,3,2170,2,5,1,23,工匠-艾拉等级上限增加,10850,2,1,11
292,2800,化学工艺研究,12,3,3200,2,5,1,25,工匠-艾拉等级上限增加,16000,2,1,12
293,2800,化学工艺研究,13,3,5000,2,5,1,27,工匠-艾拉等级上限增加,25000,2,1,13
294,2800,化学工艺研究,14,3,6930,2,5,1,29,工匠-艾拉等级上限增加,34650,2,1,14
295,2800,化学工艺研究,15,3,9000,2,5,1,31,工匠-艾拉等级上限增加,45000,2,1,15
296,2800,化学工艺研究,16,3,11900,2,5,1,33,工匠-艾拉等级上限增加,59500,2,1,16
297,2800,化学工艺研究,17,3,15200,2,5,1,35,工匠-艾拉等级上限增加,76000,2,1,17
298,2800,化学工艺研究,18,3,18720,2,5,1,37,工匠-艾拉等级上限增加,93600,2,1,18
299,2800,化学工艺研究,19,3,22800,2,5,1,39,工匠-艾拉等级上限增加,114000,2,1,19
300,2800,化学工艺研究,20,3,24700,2,5,1,40,工匠-艾拉等级上限增加,123500,2,1,20
301,2900,枪械工艺研究,1,3,3,2,6,1,3,工匠-伊利欧斯等级上限增加,15,2,1,1
302,2900,枪械工艺研究,2,3,10,2,6,1,5,工匠-伊利欧斯等级上限增加,50,2,1,2
303,2900,枪械工艺研究,3,3,40,2,6,1,7,工匠-伊利欧斯等级上限增加,200,2,1,3
304,2900,枪械工艺研究,4,3,60,2,6,1,9,工匠-伊利欧斯等级上限增加,300,2,1,4
305,2900,枪械工艺研究,5,3,150,2,6,1,11,工匠-伊利欧斯等级上限增加,750,2,1,5
306,2900,枪械工艺研究,6,3,320,2,6,1,13,工匠-伊利欧斯等级上限增加,1600,2,1,6
307,2900,枪械工艺研究,7,3,500,2,6,1,15,工匠-伊利欧斯等级上限增加,2500,2,1,7
308,2900,枪械工艺研究,8,3,700,2,6,1,17,工匠-伊利欧斯等级上限增加,3500,2,1,8
309,2900,枪械工艺研究,9,3,1080,2,6,1,19,工匠-伊利欧斯等级上限增加,5400,2,1,9
310,2900,枪械工艺研究,10,3,1500,2,6,1,21,工匠-伊利欧斯等级上限增加,7500,2,1,10
311,2900,枪械工艺研究,11,3,2170,2,6,1,23,工匠-伊利欧斯等级上限增加,10850,2,1,11
312,2900,枪械工艺研究,12,3,3200,2,6,1,25,工匠-伊利欧斯等级上限增加,16000,2,1,12
313,2900,枪械工艺研究,13,3,5000,2,6,1,27,工匠-伊利欧斯等级上限增加,25000,2,1,13
314,2900,枪械工艺研究,14,3,6930,2,6,1,29,工匠-伊利欧斯等级上限增加,34650,2,1,14
315,2900,枪械工艺研究,15,3,9000,2,6,1,31,工匠-伊利欧斯等级上限增加,45000,2,1,15
316,2900,枪械工艺研究,16,3,11900,2,6,1,33,工匠-伊利欧斯等级上限增加,59500,2,1,16
317,2900,枪械工艺研究,17,3,15200,2,6,1,35,工匠-伊利欧斯等级上限增加,76000,2,1,17
318,2900,枪械工艺研究,18,3,18720,2,6,1,37,工匠-伊利欧斯等级上限增加,93600,2,1,18
319,2900,枪械工艺研究,19,3,22800,2,6,1,39,工匠-伊利欧斯等级上限增加,114000,2,1,19
320,2900,枪械工艺研究,20,3,24700,2,6,1,40,工匠-伊利欧斯等级上限增加,123500,2,1,20
321,3000,工程工艺研究,1,3,3,2,7,1,3,工匠-劳伦斯等级上限增加,15,2,1,1
322,3000,工程工艺研究,2,3,10,2,7,1,5,工匠-劳伦斯等级上限增加,50,2,1,2
323,3000,工程工艺研究,3,3,40,2,7,1,7,工匠-劳伦斯等级上限增加,200,2,1,3
324,3000,工程工艺研究,4,3,60,2,7,1,9,工匠-劳伦斯等级上限增加,300,2,1,4
325,3000,工程工艺研究,5,3,150,2,7,1,11,工匠-劳伦斯等级上限增加,750,2,1,5
326,3000,工程工艺研究,6,3,320,2,7,1,13,工匠-劳伦斯等级上限增加,1600,2,1,6
327,3000,工程工艺研究,7,3,500,2,7,1,15,工匠-劳伦斯等级上限增加,2500,2,1,7
328,3000,工程工艺研究,8,3,700,2,7,1,17,工匠-劳伦斯等级上限增加,3500,2,1,8
329,3000,工程工艺研究,9,3,1080,2,7,1,19,工匠-劳伦斯等级上限增加,5400,2,1,9
330,3000,工程工艺研究,10,3,1500,2,7,1,21,工匠-劳伦斯等级上限增加,7500,2,1,10
331,3000,工程工艺研究,11,3,2170,2,7,1,23,工匠-劳伦斯等级上限增加,10850,2,1,11
332,3000,工程工艺研究,12,3,3200,2,7,1,25,工匠-劳伦斯等级上限增加,16000,2,1,12
333,3000,工程工艺研究,13,3,5000,2,7,1,27,工匠-劳伦斯等级上限增加,25000,2,1,13
334,3000,工程工艺研究,14,3,6930,2,7,1,29,工匠-劳伦斯等级上限增加,34650,2,1,14
335,3000,工程工艺研究,15,3,9000,2,7,1,31,工匠-劳伦斯等级上限增加,45000,2,1,15
336,3000,工程工艺研究,16,3,11900,2,7,1,33,工匠-劳伦斯等级上限增加,59500,2,1,16
337,3000,工程工艺研究,17,3,15200,2,7,1,35,工匠-劳伦斯等级上限增加,76000,2,1,17
338,3000,工程工艺研究,18,3,18720,2,7,1,37,工匠-劳伦斯等级上限增加,93600,2,1,18
339,3000,工程工艺研究,19,3,22800,2,7,1,39,工匠-劳伦斯等级上限增加,114000,2,1,19
340,3000,工程工艺研究,20,3,24700,2,7,1,40,工匠-劳伦斯等级上限增加,123500,2,1,20
341,3100,精密工艺研究,1,3,3,2,8,1,3,工匠-西恩等级上限增加,15,2,1,1
342,3100,精密工艺研究,2,3,10,2,8,1,5,工匠-西恩等级上限增加,50,2,1,2
343,3100,精密工艺研究,3,3,40,2,8,1,7,工匠-西恩等级上限增加,200,2,1,3
344,3100,精密工艺研究,4,3,60,2,8,1,9,工匠-西恩等级上限增加,300,2,1,4
345,3100,精密工艺研究,5,3,150,2,8,1,11,工匠-西恩等级上限增加,750,2,1,5
346,3100,精密工艺研究,6,3,320,2,8,1,13,工匠-西恩等级上限增加,1600,2,1,6
347,3100,精密工艺研究,7,3,500,2,8,1,15,工匠-西恩等级上限增加,2500,2,1,7
348,3100,精密工艺研究,8,3,700,2,8,1,17,工匠-西恩等级上限增加,3500,2,1,8
349,3100,精密工艺研究,9,3,1080,2,8,1,19,工匠-西恩等级上限增加,5400,2,1,9
350,3100,精密工艺研究,10,3,1500,2,8,1,21,工匠-西恩等级上限增加,7500,2,1,10
351,3100,精密工艺研究,11,3,2170,2,8,1,23,工匠-西恩等级上限增加,10850,2,1,11
352,3100,精密工艺研究,12,3,3200,2,8,1,25,工匠-西恩等级上限增加,16000,2,1,12
353,3100,精密工艺研究,13,3,5000,2,8,1,27,工匠-西恩等级上限增加,25000,2,1,13
354,3100,精密工艺研究,14,3,6930,2,8,1,29,工匠-西恩等级上限增加,34650,2,1,14
355,3100,精密工艺研究,15,3,9000,2,8,1,31,工匠-西恩等级上限增加,45000,2,1,15
356,3100,精密工艺研究,16,3,11900,2,8,1,33,工匠-西恩等级上限增加,59500,2,1,16
357,3100,精密工艺研究,17,3,15200,2,8,1,35,工匠-西恩等级上限增加,76000,2,1,17
358,3100,精密工艺研究,18,3,18720,2,8,1,37,工匠-西恩等级上限增加,93600,2,1,18
359,3100,精密工艺研究,19,3,22800,2,8,1,39,工匠-西恩等级上限增加,114000,2,1,19
360,3100,精密工艺研究,20,3,24700,2,8,1,40,工匠-西恩等级上限增加,123500,2,1,20
361,3200,艺术工艺研究,1,3,3,2,9,1,3,工匠-阿芙莉亚等级上限增加,15,2,1,1
362,3200,艺术工艺研究,2,3,10,2,9,1,5,工匠-阿芙莉亚等级上限增加,50,2,1,2
363,3200,艺术工艺研究,3,3,40,2,9,1,7,工匠-阿芙莉亚等级上限增加,200,2,1,3
364,3200,艺术工艺研究,4,3,60,2,9,1,9,工匠-阿芙莉亚等级上限增加,300,2,1,4
365,3200,艺术工艺研究,5,3,150,2,9,1,11,工匠-阿芙莉亚等级上限增加,750,2,1,5
366,3200,艺术工艺研究,6,3,320,2,9,1,13,工匠-阿芙莉亚等级上限增加,1600,2,1,6
367,3200,艺术工艺研究,7,3,500,2,9,1,15,工匠-阿芙莉亚等级上限增加,2500,2,1,7
368,3200,艺术工艺研究,8,3,700,2,9,1,17,工匠-阿芙莉亚等级上限增加,3500,2,1,8
369,3200,艺术工艺研究,9,3,1080,2,9,1,19,工匠-阿芙莉亚等级上限增加,5400,2,1,9
370,3200,艺术工艺研究,10,3,1500,2,9,1,21,工匠-阿芙莉亚等级上限增加,7500,2,1,10
371,3200,艺术工艺研究,11,3,2170,2,9,1,23,工匠-阿芙莉亚等级上限增加,10850,2,1,11
372,3200,艺术工艺研究,12,3,3200,2,9,1,25,工匠-阿芙莉亚等级上限增加,16000,2,1,12
373,3200,艺术工艺研究,13,3,5000,2,9,1,27,工匠-阿芙莉亚等级上限增加,25000,2,1,13
374,3200,艺术工艺研究,14,3,6930,2,9,1,29,工匠-阿芙莉亚等级上限增加,34650,2,1,14
375,3200,艺术工艺研究,15,3,9000,2,9,1,31,工匠-阿芙莉亚等级上限增加,45000,2,1,15
376,3200,艺术工艺研究,16,3,11900,2,9,1,33,工匠-阿芙莉亚等级上限增加,59500,2,1,16
377,3200,艺术工艺研究,17,3,15200,2,9,1,35,工匠-阿芙莉亚等级上限增加,76000,2,1,17
378,3200,艺术工艺研究,18,3,18720,2,9,1,37,工匠-阿芙莉亚等级上限增加,93600,2,1,18
379,3200,艺术工艺研究,19,3,22800,2,9,1,39,工匠-阿芙莉亚等级上限增加,114000,2,1,19
380,3200,艺术工艺研究,20,3,24700,2,9,1,40,工匠-阿芙莉亚等级上限增加,123500,2,1,20
381,3300,尖端科技研究,1,3,3,2,10,1,3,工匠-亚历山大等级上限增加,15,2,1,1
382,3300,尖端科技研究,2,3,10,2,10,1,5,工匠-亚历山大等级上限增加,50,2,1,2
383,3300,尖端科技研究,3,3,40,2,10,1,7,工匠-亚历山大等级上限增加,200,2,1,3
384,3300,尖端科技研究,4,3,60,2,10,1,9,工匠-亚历山大等级上限增加,300,2,1,4
385,3300,尖端科技研究,5,3,150,2,10,1,11,工匠-亚历山大等级上限增加,750,2,1,5
386,3300,尖端科技研究,6,3,320,2,10,1,13,工匠-亚历山大等级上限增加,1600,2,1,6
387,3300,尖端科技研究,7,3,500,2,10,1,15,工匠-亚历山大等级上限增加,2500,2,1,7
388,3300,尖端科技研究,8,3,700,2,10,1,17,工匠-亚历山大等级上限增加,3500,2,1,8
389,3300,尖端科技研究,9,3,1080,2,10,1,19,工匠-亚历山大等级上限增加,5400,2,1,9
390,3300,尖端科技研究,10,3,1500,2,10,1,21,工匠-亚历山大等级上限增加,7500,2,1,10
391,3300,尖端科技研究,11,3,2170,2,10,1,23,工匠-亚历山大等级上限增加,10850,2,1,11
392,3300,尖端科技研究,12,3,3200,2,10,1,25,工匠-亚历山大等级上限增加,16000,2,1,12
393,3300,尖端科技研究,13,3,5000,2,10,1,27,工匠-亚历山大等级上限增加,25000,2,1,13
394,3300,尖端科技研究,14,3,6930,2,10,1,29,工匠-亚历山大等级上限增加,34650,2,1,14
395,3300,尖端科技研究,15,3,9000,2,10,1,31,工匠-亚历山大等级上限增加,45000,2,1,15
396,3300,尖端科技研究,16,3,11900,2,10,1,33,工匠-亚历山大等级上限增加,59500,2,1,16
397,3300,尖端科技研究,17,3,15200,2,10,1,35,工匠-亚历山大等级上限增加,76000,2,1,17
398,3300,尖端科技研究,18,3,18720,2,10,1,37,工匠-亚历山大等级上限增加,93600,2,1,18
399,3300,尖端科技研究,19,3,22800,2,10,1,39,工匠-亚历山大等级上限增加,114000,2,1,19
400,3300,尖端科技研究,20,3,24700,2,10,1,40,工匠-亚历山大等级上限增加,123500,2,1,20
401,3700,补给站,1,4,3,3,1,2,0.1,探索{0}的休息时间减少,15,1,2,0.05
402,3700,补给站,2,4,10,3,1,2,0.15,探索{0}的休息时间减少,50,1,2,0.1
403,3700,补给站,3,4,40,3,1,2,0.2,探索{0}的休息时间减少,200,1,2,0.15
404,3700,补给站,4,4,60,3,1,2,0.25,探索{0}的休息时间减少,300,1,2,0.2
405,3700,补给站,5,4,150,3,2,2,0.1,探索{0}的休息时间减少,750,1,2,0.05
406,3700,补给站,6,4,320,3,2,2,0.15,探索{0}的休息时间减少,1600,1,2,0.1
407,3700,补给站,7,4,500,3,2,2,0.2,探索{0}的休息时间减少,2500,1,2,0.15
408,3700,补给站,8,4,700,3,2,2,0.25,探索{0}的休息时间减少,3500,1,2,0.2
409,3700,补给站,9,4,1080,3,3,2,0.1,探索{0}的休息时间减少,5400,1,2,0.05
410,3700,补给站,10,4,1500,3,3,2,0.15,探索{0}的休息时间减少,7500,1,2,0.1
411,3700,补给站,11,4,2170,3,3,2,0.2,探索{0}的休息时间减少,10850,1,2,0.15
412,3700,补给站,12,4,3200,3,3,2,0.25,探索{0}的休息时间减少,16000,1,2,0.2
413,3700,补给站,13,4,5000,3,4,2,0.1,探索{0}的休息时间减少,25000,1,2,0.05
414,3700,补给站,14,4,6930,3,4,2,0.15,探索{0}的休息时间减少,34650,1,2,0.1
415,3700,补给站,15,4,9000,3,4,2,0.2,探索{0}的休息时间减少,45000,1,2,0.15
416,3700,补给站,16,4,11900,3,4,2,0.25,探索{0}的休息时间减少,59500,1,2,0.2
417,3700,补给站,17,4,15200,3,5,2,0.1,探索{0}的休息时间减少,76000,1,2,0.05
418,3700,补给站,18,4,18720,3,5,2,0.15,探索{0}的休息时间减少,93600,1,2,0.1
419,3700,补给站,19,4,22800,3,5,2,0.2,探索{0}的休息时间减少,114000,1,2,0.15
420,3700,补给站,20,4,24700,3,5,2,0.25,探索{0}的休息时间减少,123500,1,2,0.2
421,3800,中转站,1,4,3,4,30001,2,0.1,{0}产量增加,15,1,2,0.1
422,3800,中转站,2,4,10,4,30002,2,0.1,{0}产量增加,50,1,2,0.1
423,3800,中转站,3,4,40,4,30003,2,0.1,{0}产量增加,200,1,2,0.1
424,3800,中转站,4,4,60,4,30004,2,0.1,{0}产量增加,300,1,2,0.1
425,3800,中转站,5,4,150,4,30005,2,0.1,{0}产量增加,750,1,2,0.1
426,3800,中转站,6,4,320,4,30006,2,0.1,{0}产量增加,1600,1,2,0.1
427,3800,中转站,7,4,500,4,30007,2,0.1,{0}产量增加,2500,1,2,0.1
428,3800,中转站,8,4,700,4,30008,2,0.1,{0}产量增加,3500,1,2,0.1
429,3800,中转站,9,4,1080,4,30009,2,0.1,{0}产量增加,5400,1,2,0.1
430,3800,中转站,10,4,1500,4,30010,2,0.1,{0}产量增加,7500,1,2,0.1
431,3800,中转站,11,4,2170,4,30011,2,0.1,{0}产量增加,10850,1,2,0.1
432,3800,中转站,12,4,3200,4,30013,2,0.1,{0}产量增加,16000,1,2,0.1
433,3800,中转站,13,4,5000,4,30014,2,0.1,{0}产量增加,25000,1,2,0.2
434,3800,中转站,14,4,6930,4,30015,2,0.1,{0}产量增加,34650,1,2,0.2
435,3800,中转站,15,4,9000,4,30016,2,0.1,{0}产量增加,45000,1,2,0.2
436,3800,中转站,16,4,11900,4,30017,2,0.1,{0}产量增加,59500,1,2,0.2
437,3800,中转站,17,4,15200,4,30018,2,0.1,{0}产量增加,76000,1,2,0.2
438,3800,中转站,18,4,18720,4,30019,2,0.1,{0}产量增加,93600,1,2,0.2
439,3800,中转站,19,4,22800,4,30020,2,0.1,{0}产量增加,114000,1,2,0.2
440,3800,中转站,20,4,24700,4,30021,2,0.1,{0}产量增加,123500,1,2,0.2
441,2000,英雄之家,1,4,3,5,,1,3,所有英雄等级上限增加,15,2,1,1
442,2000,英雄之家,2,4,10,5,,1,5,所有英雄等级上限增加,50,2,1,2
443,2000,英雄之家,3,4,40,5,,1,7,所有英雄等级上限增加,200,2,1,3
444,2000,英雄之家,4,4,60,5,,1,9,所有英雄等级上限增加,300,2,1,4
445,2000,英雄之家,5,4,150,5,,1,11,所有英雄等级上限增加,750,2,1,5
446,2000,英雄之家,6,4,320,5,,1,13,所有英雄等级上限增加,1600,2,1,6
447,2000,英雄之家,7,4,500,5,,1,15,所有英雄等级上限增加,2500,2,1,7
448,2000,英雄之家,8,4,700,5,,1,17,所有英雄等级上限增加,3500,2,1,8
449,2000,英雄之家,9,4,1080,5,,1,19,所有英雄等级上限增加,5400,2,1,9
450,2000,英雄之家,10,4,1500,5,,1,21,所有英雄等级上限增加,7500,2,1,10
451,2000,英雄之家,11,4,2170,5,,1,23,所有英雄等级上限增加,10850,2,1,11
452,2000,英雄之家,12,4,3200,5,,1,25,所有英雄等级上限增加,16000,2,1,12
453,2000,英雄之家,13,4,5000,5,,1,27,所有英雄等级上限增加,25000,2,1,13
454,2000,英雄之家,14,4,6930,5,,1,29,所有英雄等级上限增加,34650,2,1,14
455,2000,英雄之家,15,4,9000,5,,1,31,所有英雄等级上限增加,45000,2,1,15
456,2000,英雄之家,16,4,11900,5,,1,33,所有英雄等级上限增加,59500,2,1,16
457,2000,英雄之家,17,4,15200,5,,1,35,所有英雄等级上限增加,76000,2,1,17
458,2000,英雄之家,18,4,18720,5,,1,37,所有英雄等级上限增加,93600,2,1,18
459,2000,英雄之家,19,4,22800,5,,1,39,所有英雄等级上限增加,114000,2,1,19
460,2000,英雄之家,20,4,24700,5,,1,40,所有英雄等级上限增加,123500,2,1,20
461,2200,商会联盟,1,4,3,6,,1,4,商会联盟人员上限增加,,,,
462,2200,商会联盟,2,4,10,6,,1,5,商会联盟人员上限增加,,,,
463,2200,商会联盟,3,4,45,6,,1,6,商会联盟人员上限增加,,,,
464,2200,商会联盟,4,4,70,6,,1,7,商会联盟人员上限增加,,,,
465,2200,商会联盟,5,4,170,6,,1,8,商会联盟人员上限增加,,,,
466,2200,商会联盟,6,4,400,6,,1,9,商会联盟人员上限增加,,,,
467,2200,商会联盟,7,4,750,6,,1,10,商会联盟人员上限增加,,,,
468,2200,商会联盟,8,4,1150,6,,1,11,商会联盟人员上限增加,,,,
469,2200,商会联盟,9,4,1600,6,,1,12,商会联盟人员上限增加,,,,
470,2200,商会联盟,10,4,2250,6,,1,13,商会联盟人员上限增加,,,,
471,2200,商会联盟,11,4,4500,6,,1,14,商会联盟人员上限增加,,,,
472,2200,商会联盟,12,4,7000,6,,1,15,商会联盟人员上限增加,,,,
473,2200,商会联盟,13,4,9500,6,,1,16,商会联盟人员上限增加,,,,
474,2200,商会联盟,14,4,12400,6,,1,17,商会联盟人员上限增加,,,,
475,2200,商会联盟,15,4,20000,6,,1,18,商会联盟人员上限增加,,,,
476,2200,商会联盟,16,4,23500,6,,1,19,商会联盟人员上限增加,,,,
477,2200,商会联盟,17,4,26000,6,,1,20,商会联盟人员上限增加,,,,
