id,box_group,box_name,box_item_id,key_item_id,cost_num,rarity,reward_type1,reward_name1,reward_item_id1,reward_item_num1,probability
v:number,v:number,v:string,v:number,v:number,v:number,v:number,v:number,v:string,v:number,v:number,v:number
奖励id,奖励组ID,宝箱名字,对应道具ID,需求钥匙道具id,开启花费钻石,奖励稀有度（1-普通奖励；2-稀有；3-超稀有；,奖励1种类-item类别(分类:1-金币资源/2-钻石资源/3-能量资源/4-图纸资源/5-可生产资源/6-副本资源/7-袋子资源/8-宝箱资源/9-钥匙资源/10-融合石资源/11-城市突袭成就资源/12-勇士币/13-英雄/14-工匠/15-特殊装备材料/16-指定装备的图纸/17-转盘开启消耗/18-英雄经验卡/19-英雄转职道具/20-副本减少冒险与休息时间道具/21-副本增加产量道具/22-副本攻击加成道具/23-恢复英雄道具/24-副本经验获得加成道具/25-修复装备道具/26-直接获得装备/27-活跃度/28-礼包),奖励名字,道具ID,奖励数量,获得权重
1000,1,军用补给箱,50001,60001,50,1,6,辐射血液,30001,20,1800
1001,1,军用补给箱,50001,60001,50,1,6,变异骨头,30002,15,1500
1002,1,军用补给箱,50001,60001,50,1,6,工程塑料,30003,12,900
1003,1,军用补给箱,50001,60001,50,2,4,图纸碎片,10004,4,300
1004,1,军用补给箱,50001,60001,50,1,20,便携交通工具,130001,1,300
1005,1,军用补给箱,50001,60001,50,1,20,轻型机动车,130002,1,150
1006,1,军用补给箱,50001,60001,50,1,21,初级探测器,130100,1,300
1007,1,军用补给箱,50001,60001,50,1,21,中级探测器,130101,1,150
1008,1,军用补给箱,50001,60001,50,1,22,初级战斗辅助器,130200,1,300
1009,1,军用补给箱,50001,60001,50,1,22,中级战斗辅助器,130201,1,150
1010,1,军用补给箱,50001,60001,50,1,24,初级战斗手册,130300,1,300
1011,1,军用补给箱,50001,60001,50,1,24,中级战斗手册,130301,1,150
1012,1,军用补给箱,50001,60001,50,1,18,初级训练卡,150003,1,200
1013,1,军用补给箱,50001,60001,50,1,18,中级训练卡,150004,1,150
1014,1,军用补给箱,50001,60001,50,1,25,维修工具,130400,1,200
1015,1,军用补给箱,50001,60001,50,2,23,功能饮料,150002,1,100
1016,1,军用补给箱,50001,60001,50,2,23,恢复药水,150001,1,200
1017,1,军用补给箱,50001,60001,50,2,18,高级训练卡,150005,1,100
1018,1,军用补给箱,50001,60001,50,2,24,高级战斗手册,130302,1,100
1019,1,军用补给箱,50001,60001,50,2,22,高级战斗辅助器,130202,1,100
1020,1,军用补给箱,50001,60001,50,2,21,高级探测器,130102,1,100
1021,1,军用补给箱,50001,60001,50,2,20,大型机动车,130003,1,100
1022,1,军用补给箱,50001,60001,50,2,19,护卫进阶凭证,90002,1,112
1023,1,军用补给箱,50001,60001,50,2,19,突击手进阶凭证,90003,1,112
1024,1,军用补给箱,50001,60001,50,2,19,指挥官进阶凭证,90004,1,112
1025,1,军用补给箱,50001,60001,50,2,19,射手进阶凭证,90005,1,112
1026,1,军用补给箱,50001,60001,50,2,19,侦探进阶凭证,90006,1,112
1027,1,军用补给箱,50001,60001,50,2,19,忍者进阶凭证,90007,1,110
1028,1,军用补给箱,50001,60001,50,2,19,医生进阶凭证,90008,1,110
1029,1,军用补给箱,50001,60001,50,2,19,教授进阶凭证,90009,1,110
1030,1,军用补给箱,50001,60001,50,2,19,修士进阶凭证,90010,1,110
1031,1,军用补给箱,50001,60001,50,2,19,普通转职证书,90001,1,80
1032,1,军用补给箱,50001,60001,50,2,19,精英转职证书,90011,1,60
1033,1,军用补给箱,50001,60001,50,2,19,王牌转职证书,90012,1,40
1034,1,军用补给箱,50001,60001,50,2,19,传奇转职证书,90013,1,20
1035,1,军用补给箱,50001,60001,50,3,16,专家复合弓,163020,1,100
1036,1,军用补给箱,50001,60001,50,3,16,足球鞋,177140,1,450
1037,1,军用补给箱,50001,60001,50,3,16,御寒棉帽,174020,1,100
1038,1,军用补给箱,50001,60001,50,3,16,板鞋,177020,1,450
1039,1,军用补给箱,50001,60001,50,3,16,测量套尺,181020,1,100
1040,1,军用补给箱,50001,60001,50,3,16,命运扑克,184040,1,75
1041,1,军用补给箱,50001,60001,50,3,16,战术护盾,185140,1,550
1042,1,军用补给箱,50001,60001,50,1,26,优秀砍刀,1012,1,20
1043,1,军用补给箱,50001,60001,50,1,26,优秀粗壮树干,2012,1,20
1044,1,军用补给箱,50001,60001,50,1,26,优秀简易弓,3012,1,20
1045,1,军用补给箱,50001,60001,50,1,26,优秀专家复合弓,3022,1,20
1046,1,军用补给箱,50001,60001,50,1,26,优秀左轮手枪,4012,1,20
1047,1,军用补给箱,50001,60001,50,1,26,优秀蒙德拉贡步枪,5012,1,20
1048,1,军用补给箱,50001,60001,50,1,26,优秀雷明顿M870,6012,1,20
1049,1,军用补给箱,50001,60001,50,1,26,优秀雷托霰弹枪,6022,1,20
1050,1,军用补给箱,50001,60001,50,1,26,优秀M24狙击步枪,7012,1,20
1051,1,军用补给箱,50001,60001,50,1,26,优秀土质火炮,8012,1,20
1052,1,军用补给箱,50001,60001,50,1,26,优秀牛仔护甲,10012,1,20
1053,1,军用补给箱,50001,60001,50,1,26,优秀探险试用装,11012,1,20
1054,1,军用补给箱,50001,60001,50,1,26,优秀短袖,12012,1,20
1055,1,军用补给箱,50001,60001,50,1,26,优秀铁桶头盔,13012,1,20
1056,1,军用补给箱,50001,60001,50,1,26,优秀棒球帽,14012,1,20
1057,1,军用补给箱,50001,60001,50,1,26,优秀御寒棉帽,14022,1,20
1058,1,军用补给箱,50001,60001,50,1,26,优秀牛仔裤,15012,1,20
1059,1,军用补给箱,50001,60001,50,1,26,优秀防爆腿甲,16012,1,20
1060,1,军用补给箱,50001,60001,50,1,26,优秀洞洞鞋,17012,1,20
1061,1,军用补给箱,50001,60001,50,1,26,优秀板鞋,17022,1,20
1062,1,军用补给箱,50001,60001,50,1,26,优秀雨靴,18012,1,20
1063,1,军用补给箱,50001,60001,50,1,26,优秀创口贴,20012,1,20
1064,1,军用补给箱,50001,60001,50,1,26,优秀简易酒精灯,21012,1,20
1065,1,军用补给箱,50001,60001,50,1,26,优秀测量套尺,21022,1,20
1066,1,军用补给箱,50001,60001,50,1,26,优秀铁制弹丸,22012,1,20
1067,1,军用补给箱,50001,60001,50,1,26,优秀马蜂窝,23012,1,20
1068,1,军用补给箱,50001,60001,50,1,26,优秀皮制手环,24012,1,20
1069,1,军用补给箱,50001,60001,50,1,26,优秀木板盾,25012,1,20
1070,1,军用补给箱,50001,60001,50,1,26,无暇砍刀,1013,1,10
1071,1,军用补给箱,50001,60001,50,1,26,无暇粗壮树干,2013,1,10
1072,1,军用补给箱,50001,60001,50,1,26,无暇简易弓,3013,1,10
1073,1,军用补给箱,50001,60001,50,1,26,无暇专家复合弓,3023,1,10
1074,1,军用补给箱,50001,60001,50,1,26,无暇左轮手枪,4013,1,10
1075,1,军用补给箱,50001,60001,50,1,26,无暇蒙德拉贡步枪,5013,1,10
1076,1,军用补给箱,50001,60001,50,1,26,无暇雷明顿M870,6013,1,10
1077,1,军用补给箱,50001,60001,50,1,26,无暇雷托霰弹枪,6023,1,10
1078,1,军用补给箱,50001,60001,50,1,26,无暇M24狙击步枪,7013,1,10
1079,1,军用补给箱,50001,60001,50,1,26,无暇土质火炮,8013,1,10
1080,1,军用补给箱,50001,60001,50,1,26,无暇牛仔护甲,10013,1,10
1081,1,军用补给箱,50001,60001,50,1,26,无暇探险试用装,11013,1,10
1082,1,军用补给箱,50001,60001,50,1,26,无暇短袖,12013,1,10
1083,1,军用补给箱,50001,60001,50,1,26,无暇铁桶头盔,13013,1,10
1084,1,军用补给箱,50001,60001,50,1,26,无暇棒球帽,14013,1,10
1085,1,军用补给箱,50001,60001,50,1,26,无暇御寒棉帽,14023,1,10
1086,1,军用补给箱,50001,60001,50,1,26,无暇牛仔裤,15013,1,10
1087,1,军用补给箱,50001,60001,50,1,26,无暇防爆腿甲,16013,1,10
1088,1,军用补给箱,50001,60001,50,1,26,无暇洞洞鞋,17013,1,10
1089,1,军用补给箱,50001,60001,50,1,26,无暇板鞋,17023,1,10
1090,1,军用补给箱,50001,60001,50,1,26,无暇雨靴,18013,1,10
1091,1,军用补给箱,50001,60001,50,1,26,无暇创口贴,20013,1,10
1092,1,军用补给箱,50001,60001,50,1,26,无暇简易酒精灯,21013,1,10
1093,1,军用补给箱,50001,60001,50,1,26,无暇测量套尺,21023,1,10
1094,1,军用补给箱,50001,60001,50,1,26,无暇铁制弹丸,22013,1,10
1095,1,军用补给箱,50001,60001,50,1,26,无暇马蜂窝,23013,1,10
1096,1,军用补给箱,50001,60001,50,1,26,无暇皮制手环,24013,1,10
1097,1,军用补给箱,50001,60001,50,1,26,无暇木板盾,25013,1,10
1098,1,军用补给箱,50001,60001,50,2,26,史诗砍刀,1014,1,4
1099,1,军用补给箱,50001,60001,50,2,26,史诗粗壮树干,2014,1,4
1100,1,军用补给箱,50001,60001,50,2,26,史诗简易弓,3014,1,4
1101,1,军用补给箱,50001,60001,50,2,26,史诗专家复合弓,3024,1,4
1102,1,军用补给箱,50001,60001,50,2,26,史诗左轮手枪,4014,1,4
1103,1,军用补给箱,50001,60001,50,2,26,史诗蒙德拉贡步枪,5014,1,4
1104,1,军用补给箱,50001,60001,50,2,26,史诗雷明顿M870,6014,1,4
1105,1,军用补给箱,50001,60001,50,2,26,史诗雷托霰弹枪,6024,1,4
1106,1,军用补给箱,50001,60001,50,2,26,史诗M24狙击步枪,7014,1,4
1107,1,军用补给箱,50001,60001,50,2,26,史诗土质火炮,8014,1,4
1108,1,军用补给箱,50001,60001,50,2,26,史诗牛仔护甲,10014,1,4
1109,1,军用补给箱,50001,60001,50,2,26,史诗探险试用装,11014,1,4
1110,1,军用补给箱,50001,60001,50,2,26,史诗短袖,12014,1,4
1111,1,军用补给箱,50001,60001,50,2,26,史诗铁桶头盔,13014,1,4
1112,1,军用补给箱,50001,60001,50,2,26,史诗棒球帽,14014,1,4
1113,1,军用补给箱,50001,60001,50,2,26,史诗御寒棉帽,14024,1,4
1114,1,军用补给箱,50001,60001,50,2,26,史诗牛仔裤,15014,1,4
1115,1,军用补给箱,50001,60001,50,2,26,史诗防爆腿甲,16014,1,4
1116,1,军用补给箱,50001,60001,50,2,26,史诗洞洞鞋,17014,1,4
1117,1,军用补给箱,50001,60001,50,2,26,史诗板鞋,17024,1,4
1118,1,军用补给箱,50001,60001,50,2,26,史诗雨靴,18014,1,4
1119,1,军用补给箱,50001,60001,50,2,26,史诗创口贴,20014,1,4
1120,1,军用补给箱,50001,60001,50,2,26,史诗简易酒精灯,21014,1,4
1121,1,军用补给箱,50001,60001,50,2,26,史诗测量套尺,21024,1,4
1122,1,军用补给箱,50001,60001,50,2,26,史诗铁制弹丸,22014,1,4
1123,1,军用补给箱,50001,60001,50,2,26,史诗马蜂窝,23014,1,4
1124,1,军用补给箱,50001,60001,50,2,26,史诗皮制手环,24014,1,4
1125,1,军用补给箱,50001,60001,50,2,26,史诗木板盾,25014,1,4
1126,1,军用补给箱,50001,60001,50,2,26,传奇砍刀,1015,1,2
1127,1,军用补给箱,50001,60001,50,2,26,传奇粗壮树干,2015,1,2
1128,1,军用补给箱,50001,60001,50,2,26,传奇简易弓,3015,1,2
1129,1,军用补给箱,50001,60001,50,2,26,传奇专家复合弓,3025,1,2
1130,1,军用补给箱,50001,60001,50,2,26,传奇左轮手枪,4015,1,2
1131,1,军用补给箱,50001,60001,50,2,26,传奇蒙德拉贡步枪,5015,1,2
1132,1,军用补给箱,50001,60001,50,2,26,传奇雷明顿M870,6015,1,2
1133,1,军用补给箱,50001,60001,50,2,26,传奇雷托霰弹枪,6025,1,2
1134,1,军用补给箱,50001,60001,50,2,26,传奇M24狙击步枪,7015,1,2
1135,1,军用补给箱,50001,60001,50,2,26,传奇土质火炮,8015,1,2
1136,1,军用补给箱,50001,60001,50,2,26,传奇牛仔护甲,10015,1,2
1137,1,军用补给箱,50001,60001,50,2,26,传奇探险试用装,11015,1,2
1138,1,军用补给箱,50001,60001,50,2,26,传奇短袖,12015,1,2
1139,1,军用补给箱,50001,60001,50,2,26,传奇铁桶头盔,13015,1,2
1140,1,军用补给箱,50001,60001,50,2,26,传奇棒球帽,14015,1,2
1141,1,军用补给箱,50001,60001,50,2,26,传奇御寒棉帽,14025,1,2
1142,1,军用补给箱,50001,60001,50,2,26,传奇牛仔裤,15015,1,2
1143,1,军用补给箱,50001,60001,50,2,26,传奇防爆腿甲,16015,1,2
1144,1,军用补给箱,50001,60001,50,2,26,传奇洞洞鞋,17015,1,2
1145,1,军用补给箱,50001,60001,50,2,26,传奇板鞋,17025,1,2
1146,1,军用补给箱,50001,60001,50,2,26,传奇雨靴,18015,1,2
1147,1,军用补给箱,50001,60001,50,2,26,传奇创口贴,20015,1,2
1148,1,军用补给箱,50001,60001,50,2,26,传奇简易酒精灯,21015,1,2
1149,1,军用补给箱,50001,60001,50,2,26,传奇测量套尺,21025,1,2
1150,1,军用补给箱,50001,60001,50,2,26,传奇铁制弹丸,22015,1,2
1151,1,军用补给箱,50001,60001,50,2,26,传奇马蜂窝,23015,1,2
1152,1,军用补给箱,50001,60001,50,2,26,传奇皮制手环,24015,1,2
1153,1,军用补给箱,50001,60001,50,2,26,传奇木板盾,25015,1,2
2000,2,普通密码箱,50002,60002,75,1,6,变异树脂,30004,30,1800
2001,2,普通密码箱,50002,60002,75,1,6,中和溶液,30005,26,1500
2002,2,普通密码箱,50002,60002,75,1,6,高分子涂料,30006,22,900
2003,2,普通密码箱,50002,60002,75,2,4,图纸碎片,10004,6,100
2004,2,普通密码箱,50002,60002,75,1,20,便携交通工具,130001,1,300
2005,2,普通密码箱,50002,60002,75,1,20,轻型机动车,130002,1,150
2006,2,普通密码箱,50002,60002,75,1,21,初级探测器,130100,1,300
2007,2,普通密码箱,50002,60002,75,1,21,中级探测器,130101,1,150
2008,2,普通密码箱,50002,60002,75,1,22,初级战斗辅助器,130200,1,300
2009,2,普通密码箱,50002,60002,75,1,22,中级战斗辅助器,130201,1,150
2010,2,普通密码箱,50002,60002,75,1,24,初级战斗手册,130300,1,300
2011,2,普通密码箱,50002,60002,75,1,24,中级战斗手册,130301,1,150
2012,2,普通密码箱,50002,60002,75,1,18,小型经验箱,150006,1,200
2013,2,普通密码箱,50002,60002,75,1,18,中型经验箱,150007,1,150
2014,2,普通密码箱,50002,60002,75,1,25,维修工具,130400,1,200
2015,2,普通密码箱,50002,60002,75,2,23,功能饮料,150002,1,100
2016,2,普通密码箱,50002,60002,75,2,23,恢复药水,150001,1,200
2017,2,普通密码箱,50002,60002,75,2,18,大型经验箱,150008,1,100
2018,2,普通密码箱,50002,60002,75,2,24,高级战斗手册,130302,1,100
2019,2,普通密码箱,50002,60002,75,2,22,高级战斗辅助器,130202,1,100
2020,2,普通密码箱,50002,60002,75,2,21,高级探测器,130102,1,100
2021,2,普通密码箱,50002,60002,75,2,20,大型机动车,130003,1,100
2022,2,普通密码箱,50002,60002,75,2,19,护卫进阶凭证,90002,1,112
2023,2,普通密码箱,50002,60002,75,2,19,突击手进阶凭证,90003,1,112
2024,2,普通密码箱,50002,60002,75,2,19,指挥官进阶凭证,90004,1,112
2025,2,普通密码箱,50002,60002,75,2,19,射手进阶凭证,90005,1,112
2026,2,普通密码箱,50002,60002,75,2,19,侦探进阶凭证,90006,1,112
2027,2,普通密码箱,50002,60002,75,2,19,忍者进阶凭证,90007,1,110
2028,2,普通密码箱,50002,60002,75,2,19,医生进阶凭证,90008,1,110
2029,2,普通密码箱,50002,60002,75,2,19,教授进阶凭证,90009,1,110
2030,2,普通密码箱,50002,60002,75,2,19,修士进阶凭证,90010,1,110
2031,2,普通密码箱,50002,60002,75,2,19,普通转职证书,90001,1,80
2032,2,普通密码箱,50002,60002,75,2,19,精英转职证书,90011,1,60
2033,2,普通密码箱,50002,60002,75,2,19,王牌转职证书,90012,1,40
2034,2,普通密码箱,50002,60002,75,2,19,传奇转职证书,90013,1,20
2035,2,普通密码箱,50002,60002,75,3,16,反曲刀,161040,1,100
2036,2,普通密码箱,50002,60002,75,3,16,石锤,162050,1,450
2037,2,普通密码箱,50002,60002,75,3,16,汤姆逊冲锋枪,165040,1,100
2038,2,普通密码箱,50002,60002,75,3,16,音速装甲,171140,1,450
2039,2,普通密码箱,50002,60002,75,3,16,医疗兵裤,175040,1,100
2040,2,普通密码箱,50002,60002,75,3,16,便携酒壶,184150,1,50
2041,2,普通密码箱,50002,60002,75,1,26,优秀铁斧,1032,1,20
2042,2,普通密码箱,50002,60002,75,1,26,无暇铁斧,1033,1,10
2043,2,普通密码箱,50002,60002,75,2,26,史诗铁斧,1034,1,4
2044,2,普通密码箱,50002,60002,75,2,26,传奇铁斧,1035,1,2
2045,2,普通密码箱,50002,60002,75,1,26,优秀消防斧,1052,1,20
2046,2,普通密码箱,50002,60002,75,1,26,无暇消防斧,1053,1,10
2047,2,普通密码箱,50002,60002,75,2,26,史诗消防斧,1054,1,4
2048,2,普通密码箱,50002,60002,75,2,26,传奇消防斧,1055,1,2
2049,2,普通密码箱,50002,60002,75,1,26,优秀反曲刀,1042,1,20
2050,2,普通密码箱,50002,60002,75,1,26,无暇反曲刀,1043,1,10
2051,2,普通密码箱,50002,60002,75,2,26,史诗反曲刀,1044,1,4
2052,2,普通密码箱,50002,60002,75,2,26,传奇反曲刀,1045,1,2
2053,2,普通密码箱,50002,60002,75,1,26,优秀火把,2032,1,20
2054,2,普通密码箱,50002,60002,75,1,26,无暇火把,2033,1,10
2055,2,普通密码箱,50002,60002,75,2,26,史诗火把,2034,1,4
2056,2,普通密码箱,50002,60002,75,2,26,传奇火把,2035,1,2
2057,2,普通密码箱,50002,60002,75,1,26,优秀灭火器,2042,1,20
2058,2,普通密码箱,50002,60002,75,1,26,无暇灭火器,2043,1,10
2059,2,普通密码箱,50002,60002,75,2,26,史诗灭火器,2044,1,4
2060,2,普通密码箱,50002,60002,75,2,26,传奇灭火器,2045,1,2
2061,2,普通密码箱,50002,60002,75,1,26,优秀石锤,2052,1,20
2062,2,普通密码箱,50002,60002,75,1,26,无暇石锤,2053,1,10
2063,2,普通密码箱,50002,60002,75,2,26,史诗石锤,2054,1,4
2064,2,普通密码箱,50002,60002,75,2,26,传奇石锤,2055,1,2
2065,2,普通密码箱,50002,60002,75,1,26,优秀碳素蜘蛛弓,3042,1,20
2066,2,普通密码箱,50002,60002,75,1,26,无暇碳素蜘蛛弓,3043,1,10
2067,2,普通密码箱,50002,60002,75,2,26,史诗碳素蜘蛛弓,3044,1,4
2068,2,普通密码箱,50002,60002,75,2,26,传奇碳素蜘蛛弓,3045,1,2
2069,2,普通密码箱,50002,60002,75,1,26,优秀夜视复合弓,3052,1,20
2070,2,普通密码箱,50002,60002,75,1,26,无暇夜视复合弓,3053,1,10
2071,2,普通密码箱,50002,60002,75,2,26,史诗夜视复合弓,3054,1,4
2072,2,普通密码箱,50002,60002,75,2,26,传奇夜视复合弓,3055,1,2
2073,2,普通密码箱,50002,60002,75,1,26,优秀Z5左轮手枪,4032,1,20
2074,2,普通密码箱,50002,60002,75,1,26,无暇Z5左轮手枪,4033,1,10
2075,2,普通密码箱,50002,60002,75,2,26,史诗Z5左轮手枪,4034,1,4
2076,2,普通密码箱,50002,60002,75,2,26,传奇Z5左轮手枪,4035,1,2
2077,2,普通密码箱,50002,60002,75,1,26,优秀幸运儿左轮手枪,4042,1,20
2078,2,普通密码箱,50002,60002,75,1,26,无暇幸运儿左轮手枪,4043,1,10
2079,2,普通密码箱,50002,60002,75,2,26,史诗幸运儿左轮手枪,4044,1,4
2080,2,普通密码箱,50002,60002,75,2,26,传奇幸运儿左轮手枪,4045,1,2
2081,2,普通密码箱,50002,60002,75,1,26,优秀95式冲锋步枪,5032,1,20
2082,2,普通密码箱,50002,60002,75,1,26,无暇95式冲锋步枪,5033,1,10
2083,2,普通密码箱,50002,60002,75,2,26,史诗95式冲锋步枪,5034,1,4
2084,2,普通密码箱,50002,60002,75,2,26,传奇95式冲锋步枪,5035,1,2
2085,2,普通密码箱,50002,60002,75,1,26,优秀UMP9冲锋枪,5052,1,20
2086,2,普通密码箱,50002,60002,75,1,26,无暇UMP9冲锋枪,5053,1,10
2087,2,普通密码箱,50002,60002,75,2,26,史诗UMP9冲锋枪,5054,1,4
2088,2,普通密码箱,50002,60002,75,2,26,传奇UMP9冲锋枪,5055,1,2
2089,2,普通密码箱,50002,60002,75,1,26,优秀汤姆逊冲锋枪,5042,1,20
2090,2,普通密码箱,50002,60002,75,1,26,无暇汤姆逊冲锋枪,5043,1,10
2091,2,普通密码箱,50002,60002,75,2,26,史诗汤姆逊冲锋枪,5044,1,4
2092,2,普通密码箱,50002,60002,75,2,26,传奇汤姆逊冲锋枪,5045,1,2
2093,2,普通密码箱,50002,60002,75,1,26,优秀KSG霰弹枪,6042,1,20
2094,2,普通密码箱,50002,60002,75,1,26,无暇KSG霰弹枪,6043,1,10
2095,2,普通密码箱,50002,60002,75,2,26,史诗KSG霰弹枪,6044,1,4
2096,2,普通密码箱,50002,60002,75,2,26,传奇KSG霰弹枪,6045,1,2
2097,2,普通密码箱,50002,60002,75,1,26,优秀红点霰弹,6052,1,20
2098,2,普通密码箱,50002,60002,75,1,26,无暇红点霰弹,6053,1,10
2099,2,普通密码箱,50002,60002,75,2,26,史诗红点霰弹,6054,1,4
2100,2,普通密码箱,50002,60002,75,2,26,传奇红点霰弹,6055,1,2
2101,2,普通密码箱,50002,60002,75,1,26,优秀DSR狙击枪,7032,1,20
2102,2,普通密码箱,50002,60002,75,1,26,无暇DSR狙击枪,7033,1,10
2103,2,普通密码箱,50002,60002,75,2,26,史诗DSR狙击枪,7034,1,4
2104,2,普通密码箱,50002,60002,75,2,26,传奇DSR狙击枪,7035,1,2
2105,2,普通密码箱,50002,60002,75,1,26,优秀SVD狙击枪,7042,1,20
2106,2,普通密码箱,50002,60002,75,1,26,无暇SVD狙击枪,7043,1,10
2107,2,普通密码箱,50002,60002,75,2,26,史诗SVD狙击枪,7044,1,4
2108,2,普通密码箱,50002,60002,75,2,26,传奇SVD狙击枪,7045,1,2
2109,2,普通密码箱,50002,60002,75,1,26,优秀A2榴弹突击枪,8042,1,20
2110,2,普通密码箱,50002,60002,75,1,26,无暇A2榴弹突击枪,8043,1,10
2111,2,普通密码箱,50002,60002,75,2,26,史诗A2榴弹突击枪,8044,1,4
2112,2,普通密码箱,50002,60002,75,2,26,传奇A2榴弹突击枪,8045,1,2
2113,2,普通密码箱,50002,60002,75,1,26,优秀短管榴弹冲锋枪,8052,1,20
2114,2,普通密码箱,50002,60002,75,1,26,无暇短管榴弹冲锋枪,8053,1,10
2115,2,普通密码箱,50002,60002,75,2,26,史诗短管榴弹冲锋枪,8054,1,4
2116,2,普通密码箱,50002,60002,75,2,26,传奇短管榴弹冲锋枪,8055,1,2
2117,2,普通密码箱,50002,60002,75,1,26,优秀防爆护甲,10032,1,20
2118,2,普通密码箱,50002,60002,75,1,26,无暇防爆护甲,10033,1,10
2119,2,普通密码箱,50002,60002,75,2,26,史诗防爆护甲,10034,1,4
2120,2,普通密码箱,50002,60002,75,2,26,传奇防爆护甲,10035,1,2
2121,2,普通密码箱,50002,60002,75,1,26,优秀猩红护甲,10042,1,20
2122,2,普通密码箱,50002,60002,75,1,26,无暇猩红护甲,10043,1,10
2123,2,普通密码箱,50002,60002,75,2,26,史诗猩红护甲,10044,1,4
2124,2,普通密码箱,50002,60002,75,2,26,传奇猩红护甲,10045,1,2
2125,2,普通密码箱,50002,60002,75,1,26,优秀先锋装甲,11032,1,20
2126,2,普通密码箱,50002,60002,75,1,26,无暇先锋装甲,11033,1,10
2127,2,普通密码箱,50002,60002,75,2,26,史诗先锋装甲,11034,1,4
2128,2,普通密码箱,50002,60002,75,2,26,传奇先锋装甲,11035,1,2
2129,2,普通密码箱,50002,60002,75,1,26,优秀堡垒装甲,11042,1,20
2130,2,普通密码箱,50002,60002,75,1,26,无暇堡垒装甲,11043,1,10
2131,2,普通密码箱,50002,60002,75,2,26,史诗堡垒装甲,11044,1,4
2132,2,普通密码箱,50002,60002,75,2,26,传奇堡垒装甲,11045,1,2
2133,2,普通密码箱,50002,60002,75,1,26,优秀音速装甲,11142,1,20
2134,2,普通密码箱,50002,60002,75,1,26,无暇音速装甲,11143,1,10
2135,2,普通密码箱,50002,60002,75,2,26,史诗音速装甲,11144,1,4
2136,2,普通密码箱,50002,60002,75,2,26,传奇音速装甲,11145,1,2
2137,2,普通密码箱,50002,60002,75,1,26,优秀神探外套,12032,1,20
2138,2,普通密码箱,50002,60002,75,1,26,无暇神探外套,12033,1,10
2139,2,普通密码箱,50002,60002,75,2,26,史诗神探外套,12034,1,4
2140,2,普通密码箱,50002,60002,75,2,26,传奇神探外套,12035,1,2
2141,2,普通密码箱,50002,60002,75,1,26,优秀白衣天使,12042,1,20
2142,2,普通密码箱,50002,60002,75,1,26,无暇白衣天使,12043,1,10
2143,2,普通密码箱,50002,60002,75,2,26,史诗白衣天使,12044,1,4
2144,2,普通密码箱,50002,60002,75,2,26,传奇白衣天使,12045,1,2
2145,2,普通密码箱,50002,60002,75,1,26,优秀城市守卫头盔,13032,1,20
2146,2,普通密码箱,50002,60002,75,1,26,无暇城市守卫头盔,13033,1,10
2147,2,普通密码箱,50002,60002,75,2,26,史诗城市守卫头盔,13034,1,4
2148,2,普通密码箱,50002,60002,75,2,26,传奇城市守卫头盔,13035,1,2
2149,2,普通密码箱,50002,60002,75,1,26,优秀防爆面罩,13042,1,20
2150,2,普通密码箱,50002,60002,75,1,26,无暇防爆面罩,13043,1,10
2151,2,普通密码箱,50002,60002,75,2,26,史诗防爆面罩,13044,1,4
2152,2,普通密码箱,50002,60002,75,2,26,传奇防爆面罩,13045,1,2
2153,2,普通密码箱,50002,60002,75,1,26,优秀消防面具,14042,1,20
2154,2,普通密码箱,50002,60002,75,1,26,无暇消防面具,14043,1,10
2155,2,普通密码箱,50002,60002,75,2,26,史诗消防面具,14044,1,4
2156,2,普通密码箱,50002,60002,75,2,26,传奇消防面具,14045,1,2
2157,2,普通密码箱,50002,60002,75,1,26,优秀荒野行者帽,14052,1,20
2158,2,普通密码箱,50002,60002,75,1,26,无暇荒野行者帽,14053,1,10
2159,2,普通密码箱,50002,60002,75,2,26,史诗荒野行者帽,14054,1,4
2160,2,普通密码箱,50002,60002,75,2,26,传奇荒野行者帽,14055,1,2
2161,2,普通密码箱,50002,60002,75,1,26,优秀蒸汽朋克裤,15032,1,20
2162,2,普通密码箱,50002,60002,75,1,26,无暇蒸汽朋克裤,15033,1,10
2163,2,普通密码箱,50002,60002,75,2,26,史诗蒸汽朋克裤,15034,1,4
2164,2,普通密码箱,50002,60002,75,2,26,传奇蒸汽朋克裤,15035,1,2
2165,2,普通密码箱,50002,60002,75,1,26,优秀先锋裤甲,15052,1,20
2166,2,普通密码箱,50002,60002,75,1,26,无暇先锋裤甲,15053,1,10
2167,2,普通密码箱,50002,60002,75,2,26,史诗先锋裤甲,15054,1,4
2168,2,普通密码箱,50002,60002,75,2,26,传奇先锋裤甲,15055,1,2
2169,2,普通密码箱,50002,60002,75,1,26,优秀医疗兵裤,15042,1,20
2170,2,普通密码箱,50002,60002,75,1,26,无暇医疗兵裤,15043,1,10
2171,2,普通密码箱,50002,60002,75,2,26,史诗医疗兵裤,15044,1,4
2172,2,普通密码箱,50002,60002,75,2,26,传奇医疗兵裤,15045,1,2
2173,2,普通密码箱,50002,60002,75,1,26,优秀音速腿甲,16032,1,20
2174,2,普通密码箱,50002,60002,75,1,26,无暇音速腿甲,16033,1,10
2175,2,普通密码箱,50002,60002,75,2,26,史诗音速腿甲,16034,1,4
2176,2,普通密码箱,50002,60002,75,2,26,传奇音速腿甲,16035,1,2
2177,2,普通密码箱,50002,60002,75,1,26,优秀堡垒腿甲,16042,1,20
2178,2,普通密码箱,50002,60002,75,1,26,无暇堡垒腿甲,16043,1,10
2179,2,普通密码箱,50002,60002,75,2,26,史诗堡垒腿甲,16044,1,4
2180,2,普通密码箱,50002,60002,75,2,26,传奇堡垒腿甲,16045,1,2
2181,2,普通密码箱,50002,60002,75,1,26,优秀拉丁舞鞋,17042,1,20
2182,2,普通密码箱,50002,60002,75,1,26,无暇拉丁舞鞋,17043,1,10
2183,2,普通密码箱,50002,60002,75,2,26,史诗拉丁舞鞋,17044,1,4
2184,2,普通密码箱,50002,60002,75,2,26,传奇拉丁舞鞋,17045,1,2
2185,2,普通密码箱,50002,60002,75,1,26,优秀荒野皮鞋,17052,1,20
2186,2,普通密码箱,50002,60002,75,1,26,无暇荒野皮鞋,17053,1,10
2187,2,普通密码箱,50002,60002,75,2,26,史诗荒野皮鞋,17054,1,4
2188,2,普通密码箱,50002,60002,75,2,26,传奇荒野皮鞋,17055,1,2
2189,2,普通密码箱,50002,60002,75,1,26,优秀城市守卫靴,18032,1,20
2190,2,普通密码箱,50002,60002,75,1,26,无暇城市守卫靴,18033,1,10
2191,2,普通密码箱,50002,60002,75,2,26,史诗城市守卫靴,18034,1,4
2192,2,普通密码箱,50002,60002,75,2,26,传奇城市守卫靴,18035,1,2
2193,2,普通密码箱,50002,60002,75,1,26,优秀战斗精英靴,18042,1,20
2194,2,普通密码箱,50002,60002,75,1,26,无暇战斗精英靴,18043,1,10
2195,2,普通密码箱,50002,60002,75,2,26,史诗战斗精英靴,18044,1,4
2196,2,普通密码箱,50002,60002,75,2,26,传奇战斗精英靴,18045,1,2
2197,2,普通密码箱,50002,60002,75,1,26,优秀战地起搏器,20032,1,20
2198,2,普通密码箱,50002,60002,75,1,26,无暇战地起搏器,20033,1,10
2199,2,普通密码箱,50002,60002,75,2,26,史诗战地起搏器,20034,1,4
2200,2,普通密码箱,50002,60002,75,2,26,传奇战地起搏器,20035,1,2
2201,2,普通密码箱,50002,60002,75,1,26,优秀怪物血液,20042,1,20
2202,2,普通密码箱,50002,60002,75,1,26,无暇怪物血液,20043,1,10
2203,2,普通密码箱,50002,60002,75,2,26,史诗怪物血液,20044,1,4
2204,2,普通密码箱,50002,60002,75,2,26,传奇怪物血液,20045,1,2
2205,2,普通密码箱,50002,60002,75,1,26,优秀弹射钩爪,21042,1,20
2206,2,普通密码箱,50002,60002,75,1,26,无暇弹射钩爪,21043,1,10
2207,2,普通密码箱,50002,60002,75,2,26,史诗弹射钩爪,21044,1,4
2208,2,普通密码箱,50002,60002,75,2,26,传奇弹射钩爪,21045,1,2
2209,2,普通密码箱,50002,60002,75,1,26,优秀机械探矿器,21052,1,20
2210,2,普通密码箱,50002,60002,75,1,26,无暇机械探矿器,21053,1,10
2211,2,普通密码箱,50002,60002,75,2,26,史诗机械探矿器,21054,1,4
2212,2,普通密码箱,50002,60002,75,2,26,传奇机械探矿器,21055,1,2
2213,2,普通密码箱,50002,60002,75,1,26,优秀丛林吹箭,22032,1,20
2214,2,普通密码箱,50002,60002,75,1,26,无暇丛林吹箭,22033,1,10
2215,2,普通密码箱,50002,60002,75,2,26,史诗丛林吹箭,22034,1,4
2216,2,普通密码箱,50002,60002,75,2,26,传奇丛林吹箭,22035,1,2
2217,2,普通密码箱,50002,60002,75,1,26,优秀回旋镖,22042,1,20
2218,2,普通密码箱,50002,60002,75,1,26,无暇回旋镖,22043,1,10
2219,2,普通密码箱,50002,60002,75,2,26,史诗回旋镖,22044,1,4
2220,2,普通密码箱,50002,60002,75,2,26,传奇回旋镖,22045,1,2
2221,2,普通密码箱,50002,60002,75,1,26,优秀手里剑,22052,1,20
2222,2,普通密码箱,50002,60002,75,1,26,无暇手里剑,22053,1,10
2223,2,普通密码箱,50002,60002,75,2,26,史诗手里剑,22054,1,4
2224,2,普通密码箱,50002,60002,75,2,26,传奇手里剑,22055,1,2
2225,2,普通密码箱,50002,60002,75,1,26,优秀闪光弹,23032,1,20
2226,2,普通密码箱,50002,60002,75,1,26,无暇闪光弹,23033,1,10
2227,2,普通密码箱,50002,60002,75,2,26,史诗闪光弹,23034,1,4
2228,2,普通密码箱,50002,60002,75,2,26,传奇闪光弹,23035,1,2
2229,2,普通密码箱,50002,60002,75,1,26,优秀烟雾弹,23042,1,20
2230,2,普通密码箱,50002,60002,75,1,26,无暇烟雾弹,23043,1,10
2231,2,普通密码箱,50002,60002,75,2,26,史诗烟雾弹,23044,1,4
2232,2,普通密码箱,50002,60002,75,2,26,传奇烟雾弹,23045,1,2
2233,2,普通密码箱,50002,60002,75,1,26,优秀木制的鱼竿,24032,1,20
2234,2,普通密码箱,50002,60002,75,1,26,无暇木制的鱼竿,24033,1,10
2235,2,普通密码箱,50002,60002,75,2,26,史诗木制的鱼竿,24034,1,4
2236,2,普通密码箱,50002,60002,75,2,26,传奇木制的鱼竿,24035,1,2
2237,2,普通密码箱,50002,60002,75,1,26,优秀老式机械手表,24052,1,20
2238,2,普通密码箱,50002,60002,75,1,26,无暇老式机械手表,24053,1,10
2239,2,普通密码箱,50002,60002,75,2,26,史诗老式机械手表,24054,1,4
2240,2,普通密码箱,50002,60002,75,2,26,传奇老式机械手表,24055,1,2
2241,2,普通密码箱,50002,60002,75,1,26,优秀命运扑克,24042,1,20
2242,2,普通密码箱,50002,60002,75,1,26,无暇命运扑克,24043,1,10
2243,2,普通密码箱,50002,60002,75,2,26,史诗命运扑克,24044,1,4
2244,2,普通密码箱,50002,60002,75,2,26,传奇命运扑克,24045,1,2
2245,2,普通密码箱,50002,60002,75,1,26,优秀全钢盾牌,25032,1,20
2246,2,普通密码箱,50002,60002,75,1,26,无暇全钢盾牌,25033,1,10
2247,2,普通密码箱,50002,60002,75,2,26,史诗全钢盾牌,25034,1,4
2248,2,普通密码箱,50002,60002,75,2,26,传奇全钢盾牌,25035,1,2
2249,2,普通密码箱,50002,60002,75,1,26,优秀劫掠者盾牌,25042,1,20
2250,2,普通密码箱,50002,60002,75,1,26,无暇劫掠者盾牌,25043,1,10
2251,2,普通密码箱,50002,60002,75,2,26,史诗劫掠者盾牌,25044,1,4
2252,2,普通密码箱,50002,60002,75,2,26,传奇劫掠者盾牌,25045,1,2
2253,2,普通密码箱,50002,60002,75,1,26,优秀狂暴盾牌,25052,1,20
2254,2,普通密码箱,50002,60002,75,1,26,无暇狂暴盾牌,25053,1,10
2255,2,普通密码箱,50002,60002,75,2,26,史诗狂暴盾牌,25054,1,4
2256,2,普通密码箱,50002,60002,75,2,26,传奇狂暴盾牌,25055,1,2
3000,3,保险柜,50003,60003,100,1,6,食人藤曼,30007,30,1800
3001,3,保险柜,50003,60003,100,1,6,蓝晶石,30008,26,1500
3002,3,保险柜,50003,60003,100,1,6,碳纳米管,30009,22,900
3003,3,保险柜,50003,60003,100,2,4,图纸碎片,10004,9,100
3004,3,保险柜,50003,60003,100,1,20,便携交通工具,130001,1,300
3005,3,保险柜,50003,60003,100,1,20,轻型机动车,130002,1,150
3006,3,保险柜,50003,60003,100,1,21,初级探测器,130100,1,300
3007,3,保险柜,50003,60003,100,1,21,中级探测器,130101,1,150
3008,3,保险柜,50003,60003,100,1,22,初级战斗辅助器,130200,1,300
3009,3,保险柜,50003,60003,100,1,22,中级战斗辅助器,130201,1,150
3010,3,保险柜,50003,60003,100,1,24,初级战斗手册,130300,1,300
3011,3,保险柜,50003,60003,100,1,24,中级战斗手册,130301,1,150
3012,3,保险柜,50003,60003,100,1,18,小型经验箱,150006,1,200
3013,3,保险柜,50003,60003,100,1,18,中型经验箱,150007,1,150
3014,3,保险柜,50003,60003,100,1,25,维修工具,130400,1,200
3015,3,保险柜,50003,60003,100,2,23,功能饮料,150002,1,100
3016,3,保险柜,50003,60003,100,2,23,恢复药水,150001,1,200
3017,3,保险柜,50003,60003,100,2,18,大型经验箱,150008,1,100
3018,3,保险柜,50003,60003,100,2,24,高级战斗手册,130302,1,100
3019,3,保险柜,50003,60003,100,2,22,高级战斗辅助器,130202,1,100
3020,3,保险柜,50003,60003,100,2,21,高级探测器,130102,1,100
3021,3,保险柜,50003,60003,100,2,20,大型机动车,130003,1,100
3022,3,保险柜,50003,60003,100,2,19,护卫进阶凭证,90002,1,112
3023,3,保险柜,50003,60003,100,2,19,突击手进阶凭证,90003,1,112
3024,3,保险柜,50003,60003,100,2,19,指挥官进阶凭证,90004,1,112
3025,3,保险柜,50003,60003,100,2,19,射手进阶凭证,90005,1,112
3026,3,保险柜,50003,60003,100,2,19,侦探进阶凭证,90006,1,112
3027,3,保险柜,50003,60003,100,2,19,忍者进阶凭证,90007,1,110
3028,3,保险柜,50003,60003,100,2,19,医生进阶凭证,90008,1,110
3029,3,保险柜,50003,60003,100,2,19,教授进阶凭证,90009,1,110
3030,3,保险柜,50003,60003,100,2,19,修士进阶凭证,90010,1,110
3031,3,保险柜,50003,60003,100,2,19,普通转职证书,90001,1,80
3032,3,保险柜,50003,60003,100,2,19,精英转职证书,90011,1,60
3033,3,保险柜,50003,60003,100,2,19,王牌转职证书,90012,1,40
3034,3,保险柜,50003,60003,100,2,19,传奇转职证书,90013,1,20
3035,3,保险柜,50003,60003,100,3,16,MP5冲锋枪,165070,1,100
3036,3,保险柜,50003,60003,100,3,16,橄榄球选手头盔,173060,1,300
3037,3,保险柜,50003,60003,100,3,16,滑冰选手的旱冰鞋,178060,1,100
3038,3,保险柜,50003,60003,100,3,16,机械润滑油,181070,1,300
3039,3,保险柜,50003,60003,100,3,16,毒液刺针,182070,1,100
3040,3,保险柜,50003,60003,100,3,16,滑轮鞋,177150,1,50
3041,3,保险柜,50003,60003,100,1,26,优秀钢斧,1062,1,20
3042,3,保险柜,50003,60003,100,1,26,无暇钢斧,1063,1,10
3043,3,保险柜,50003,60003,100,2,26,史诗钢斧,1064,1,4
3044,3,保险柜,50003,60003,100,2,26,传奇钢斧,1065,1,2
3045,3,保险柜,50003,60003,100,1,26,优秀钢棍,2062,1,20
3046,3,保险柜,50003,60003,100,1,26,无暇钢棍,2063,1,10
3047,3,保险柜,50003,60003,100,2,26,史诗钢棍,2064,1,4
3048,3,保险柜,50003,60003,100,2,26,传奇钢棍,2065,1,2
3049,3,保险柜,50003,60003,100,1,26,优秀散射合金弓,3062,1,20
3050,3,保险柜,50003,60003,100,1,26,无暇散射合金弓,3063,1,10
3051,3,保险柜,50003,60003,100,2,26,史诗散射合金弓,3064,1,4
3052,3,保险柜,50003,60003,100,2,26,传奇散射合金弓,3065,1,2
3053,3,保险柜,50003,60003,100,1,26,优秀废土之鹰,4052,1,20
3054,3,保险柜,50003,60003,100,1,26,无暇废土之鹰,4053,1,10
3055,3,保险柜,50003,60003,100,2,26,史诗废土之鹰,4054,1,4
3056,3,保险柜,50003,60003,100,2,26,传奇废土之鹰,4055,1,2
3057,3,保险柜,50003,60003,100,1,26,优秀AK47突击步枪,5062,1,20
3058,3,保险柜,50003,60003,100,1,26,无暇AK47突击步枪,5063,1,10
3059,3,保险柜,50003,60003,100,2,26,史诗AK47突击步枪,5064,1,4
3060,3,保险柜,50003,60003,100,2,26,传奇AK47突击步枪,5065,1,2
3061,3,保险柜,50003,60003,100,1,26,优秀MP5冲锋枪,5072,1,20
3062,3,保险柜,50003,60003,100,1,26,无暇MP5冲锋枪,5073,1,10
3063,3,保险柜,50003,60003,100,2,26,史诗MP5冲锋枪,5074,1,4
3064,3,保险柜,50003,60003,100,2,26,传奇MP5冲锋枪,5075,1,2
3065,3,保险柜,50003,60003,100,1,26,优秀爆裂的三管霰弹枪,6062,1,20
3066,3,保险柜,50003,60003,100,1,26,无暇爆裂的三管霰弹枪,6063,1,10
3067,3,保险柜,50003,60003,100,2,26,史诗爆裂的三管霰弹枪,6064,1,4
3068,3,保险柜,50003,60003,100,2,26,传奇爆裂的三管霰弹枪,6065,1,2
3069,3,保险柜,50003,60003,100,1,26,优秀AS50狙击步枪,7052,1,20
3070,3,保险柜,50003,60003,100,1,26,无暇AS50狙击步枪,7053,1,10
3071,3,保险柜,50003,60003,100,2,26,史诗AS50狙击步枪,7054,1,4
3072,3,保险柜,50003,60003,100,2,26,传奇AS50狙击步枪,7055,1,2
3073,3,保险柜,50003,60003,100,1,26,优秀AN94榴弹枪,8062,1,20
3074,3,保险柜,50003,60003,100,1,26,无暇AN94榴弹枪,8063,1,10
3075,3,保险柜,50003,60003,100,2,26,史诗AN94榴弹枪,8064,1,4
3076,3,保险柜,50003,60003,100,2,26,传奇AN94榴弹枪,8065,1,2
3077,3,保险柜,50003,60003,100,1,26,优秀海洋呼吸护甲,10052,1,20
3078,3,保险柜,50003,60003,100,1,26,无暇海洋呼吸护甲,10053,1,10
3079,3,保险柜,50003,60003,100,2,26,史诗海洋呼吸护甲,10054,1,4
3080,3,保险柜,50003,60003,100,2,26,传奇海洋呼吸护甲,10055,1,2
3081,3,保险柜,50003,60003,100,1,26,优秀背叛者装甲,11052,1,20
3082,3,保险柜,50003,60003,100,1,26,无暇背叛者装甲,11053,1,10
3083,3,保险柜,50003,60003,100,2,26,史诗背叛者装甲,11054,1,4
3084,3,保险柜,50003,60003,100,2,26,传奇背叛者装甲,11055,1,2
3085,3,保险柜,50003,60003,100,1,26,优秀武装外套,12052,1,20
3086,3,保险柜,50003,60003,100,1,26,无暇武装外套,12053,1,10
3087,3,保险柜,50003,60003,100,2,26,史诗武装外套,12054,1,4
3088,3,保险柜,50003,60003,100,2,26,传奇武装外套,12055,1,2
3089,3,保险柜,50003,60003,100,1,26,优秀强袭头盔,13052,1,20
3090,3,保险柜,50003,60003,100,1,26,无暇强袭头盔,13053,1,10
3091,3,保险柜,50003,60003,100,2,26,史诗强袭头盔,13054,1,4
3092,3,保险柜,50003,60003,100,2,26,传奇强袭头盔,13055,1,2
3093,3,保险柜,50003,60003,100,1,26,优秀橄榄球选手头盔,13062,1,20
3094,3,保险柜,50003,60003,100,1,26,无暇橄榄球选手头盔,13063,1,10
3095,3,保险柜,50003,60003,100,2,26,史诗橄榄球选手头盔,13064,1,4
3096,3,保险柜,50003,60003,100,2,26,传奇橄榄球选手头盔,13065,1,2
3097,3,保险柜,50003,60003,100,1,26,优秀拦路者外面具,14062,1,20
3098,3,保险柜,50003,60003,100,1,26,无暇拦路者外面具,14063,1,10
3099,3,保险柜,50003,60003,100,2,26,史诗拦路者外面具,14064,1,4
3100,3,保险柜,50003,60003,100,2,26,传奇拦路者外面具,14065,1,2
3101,3,保险柜,50003,60003,100,1,26,优秀海洋裤甲,15062,1,20
3102,3,保险柜,50003,60003,100,1,26,无暇海洋裤甲,15063,1,10
3103,3,保险柜,50003,60003,100,2,26,史诗海洋裤甲,15064,1,4
3104,3,保险柜,50003,60003,100,2,26,传奇海洋裤甲,15065,1,2
3105,3,保险柜,50003,60003,100,1,26,优秀骑士腿甲,16052,1,20
3106,3,保险柜,50003,60003,100,1,26,无暇骑士腿甲,16053,1,10
3107,3,保险柜,50003,60003,100,2,26,史诗骑士腿甲,16054,1,4
3108,3,保险柜,50003,60003,100,2,26,传奇骑士腿甲,16055,1,2
3109,3,保险柜,50003,60003,100,1,26,优秀拦路者鞋,17062,1,20
3110,3,保险柜,50003,60003,100,1,26,无暇拦路者鞋,17063,1,10
3111,3,保险柜,50003,60003,100,2,26,史诗拦路者鞋,17064,1,4
3112,3,保险柜,50003,60003,100,2,26,传奇拦路者鞋,17065,1,2
3113,3,保险柜,50003,60003,100,1,26,优秀废土守望者板靴,18052,1,20
3114,3,保险柜,50003,60003,100,1,26,无暇废土守望者板靴,18053,1,10
3115,3,保险柜,50003,60003,100,2,26,史诗废土守望者板靴,18054,1,4
3116,3,保险柜,50003,60003,100,2,26,传奇废土守望者板靴,18055,1,2
3117,3,保险柜,50003,60003,100,1,26,优秀滑冰选手的旱冰鞋,18062,1,20
3118,3,保险柜,50003,60003,100,1,26,无暇滑冰选手的旱冰鞋,18063,1,10
3119,3,保险柜,50003,60003,100,2,26,史诗滑冰选手的旱冰鞋,18064,1,4
3120,3,保险柜,50003,60003,100,2,26,传奇滑冰选手的旱冰鞋,18065,1,2
3121,3,保险柜,50003,60003,100,1,26,优秀温暖药剂,20052,1,20
3122,3,保险柜,50003,60003,100,1,26,无暇温暖药剂,20053,1,10
3123,3,保险柜,50003,60003,100,2,26,史诗温暖药剂,20054,1,4
3124,3,保险柜,50003,60003,100,2,26,传奇温暖药剂,20055,1,2
3125,3,保险柜,50003,60003,100,1,26,优秀磁力手套,21062,1,20
3126,3,保险柜,50003,60003,100,1,26,无暇磁力手套,21063,1,10
3127,3,保险柜,50003,60003,100,2,26,史诗磁力手套,21064,1,4
3128,3,保险柜,50003,60003,100,2,26,传奇磁力手套,21065,1,2
3129,3,保险柜,50003,60003,100,1,26,优秀机械润滑油,21072,1,20
3130,3,保险柜,50003,60003,100,1,26,无暇机械润滑油,21073,1,10
3131,3,保险柜,50003,60003,100,2,26,史诗机械润滑油,21074,1,4
3132,3,保险柜,50003,60003,100,2,26,传奇机械润滑油,21075,1,2
3133,3,保险柜,50003,60003,100,1,26,优秀弹射袖箭,22062,1,20
3134,3,保险柜,50003,60003,100,1,26,无暇弹射袖箭,22063,1,10
3135,3,保险柜,50003,60003,100,2,26,史诗弹射袖箭,22064,1,4
3136,3,保险柜,50003,60003,100,2,26,传奇弹射袖箭,22065,1,2
3137,3,保险柜,50003,60003,100,1,26,优秀毒液刺针,22072,1,20
3138,3,保险柜,50003,60003,100,1,26,无暇毒液刺针,22073,1,10
3139,3,保险柜,50003,60003,100,2,26,史诗毒液刺针,22074,1,4
3140,3,保险柜,50003,60003,100,2,26,传奇毒液刺针,22075,1,2
3141,3,保险柜,50003,60003,100,1,26,优秀毒气手雷,23052,1,20
3142,3,保险柜,50003,60003,100,1,26,无暇毒气手雷,23053,1,10
3143,3,保险柜,50003,60003,100,2,26,史诗毒气手雷,23054,1,4
3144,3,保险柜,50003,60003,100,2,26,传奇毒气手雷,23055,1,2
3145,3,保险柜,50003,60003,100,1,26,优秀复古的耳机,24062,1,20
3146,3,保险柜,50003,60003,100,1,26,无暇复古的耳机,24063,1,10
3147,3,保险柜,50003,60003,100,2,26,史诗复古的耳机,24064,1,4
3148,3,保险柜,50003,60003,100,2,26,传奇复古的耳机,24065,1,2
3149,3,保险柜,50003,60003,100,1,26,优秀链条大盾,25062,1,20
3150,3,保险柜,50003,60003,100,1,26,无暇链条大盾,25063,1,10
3151,3,保险柜,50003,60003,100,2,26,史诗链条大盾,25064,1,4
3152,3,保险柜,50003,60003,100,2,26,传奇链条大盾,25065,1,2
4000,4,稀有保险柜,50004,60004,150,1,6,超合金,30010,30,1800
4001,4,稀有保险柜,50004,60004,150,1,6,液态金属,30011,26,1500
4002,4,稀有保险柜,50004,60004,150,1,6,艾德曼合金,30012,22,900
4003,4,稀有保险柜,50004,60004,150,2,4,图纸碎片,10004,15,100
4004,4,稀有保险柜,50004,60004,150,1,20,便携交通工具,130001,1,300
4005,4,稀有保险柜,50004,60004,150,1,20,轻型机动车,130002,1,150
4006,4,稀有保险柜,50004,60004,150,1,21,初级探测器,130100,1,300
4007,4,稀有保险柜,50004,60004,150,1,21,中级探测器,130101,1,150
4008,4,稀有保险柜,50004,60004,150,1,22,初级战斗辅助器,130200,1,300
4009,4,稀有保险柜,50004,60004,150,1,22,中级战斗辅助器,130201,1,150
4010,4,稀有保险柜,50004,60004,150,1,24,初级战斗手册,130300,1,300
4011,4,稀有保险柜,50004,60004,150,1,24,中级战斗手册,130301,1,150
4012,4,稀有保险柜,50004,60004,150,1,18,小型经验箱,150006,1,200
4013,4,稀有保险柜,50004,60004,150,1,18,中型经验箱,150007,1,150
4014,4,稀有保险柜,50004,60004,150,1,25,维修工具,130400,1,200
4015,4,稀有保险柜,50004,60004,150,2,23,功能饮料,150002,1,100
4016,4,稀有保险柜,50004,60004,150,2,23,恢复药水,150001,1,200
4017,4,稀有保险柜,50004,60004,150,2,18,大型经验箱,150008,1,100
4018,4,稀有保险柜,50004,60004,150,2,24,高级战斗手册,130302,1,100
4019,4,稀有保险柜,50004,60004,150,2,22,高级战斗辅助器,130202,1,100
4020,4,稀有保险柜,50004,60004,150,2,21,高级探测器,130102,1,100
4021,4,稀有保险柜,50004,60004,150,2,20,大型机动车,130003,1,100
4022,4,稀有保险柜,50004,60004,150,2,19,护卫进阶凭证,90002,1,112
4023,4,稀有保险柜,50004,60004,150,2,19,突击手进阶凭证,90003,1,112
4024,4,稀有保险柜,50004,60004,150,2,19,指挥官进阶凭证,90004,1,112
4025,4,稀有保险柜,50004,60004,150,2,19,射手进阶凭证,90005,1,112
4026,4,稀有保险柜,50004,60004,150,2,19,侦探进阶凭证,90006,1,112
4027,4,稀有保险柜,50004,60004,150,2,19,忍者进阶凭证,90007,1,110
4028,4,稀有保险柜,50004,60004,150,2,19,医生进阶凭证,90008,1,110
4029,4,稀有保险柜,50004,60004,150,2,19,教授进阶凭证,90009,1,110
4030,4,稀有保险柜,50004,60004,150,2,19,修士进阶凭证,90010,1,110
4031,4,稀有保险柜,50004,60004,150,2,19,普通转职证书,90001,1,80
4032,4,稀有保险柜,50004,60004,150,2,19,精英转职证书,90011,1,60
4033,4,稀有保险柜,50004,60004,150,2,19,王牌转职证书,90012,1,40
4034,4,稀有保险柜,50004,60004,150,2,19,传奇转职证书,90013,1,20
4035,4,稀有保险柜,50004,60004,150,3,16,毒瓶弓,163080,1,100
4036,4,稀有保险柜,50004,60004,150,3,16,末世UZI,164070,1,250
4037,4,稀有保险柜,50004,60004,150,3,16,武装裤甲,175080,1,100
4038,4,稀有保险柜,50004,60004,150,3,16,鬼魅腿甲,176070,1,250
4039,4,稀有保险柜,50004,60004,150,3,16,荣誉勋章,184160,1,100
4040,4,稀有保险柜,50004,60004,150,3,16,兴奋剂,180140,1,100
4041,4,稀有保险柜,50004,60004,150,3,16,荒漠盾,185150,1,50
4042,4,稀有保险柜,50004,60004,150,1,26,优秀合金斧,1072,1,20
4043,4,稀有保险柜,50004,60004,150,1,26,无暇合金斧,1073,1,10
4044,4,稀有保险柜,50004,60004,150,2,26,史诗合金斧,1074,1,4
4045,4,稀有保险柜,50004,60004,150,2,26,传奇合金斧,1075,1,2
4046,4,稀有保险柜,50004,60004,150,1,26,优秀警棍,2072,1,20
4047,4,稀有保险柜,50004,60004,150,1,26,无暇警棍,2073,1,10
4048,4,稀有保险柜,50004,60004,150,2,26,史诗警棍,2074,1,4
4049,4,稀有保险柜,50004,60004,150,2,26,传奇警棍,2075,1,2
4050,4,稀有保险柜,50004,60004,150,1,26,优秀切割者圆锯弓,3072,1,20
4051,4,稀有保险柜,50004,60004,150,1,26,无暇切割者圆锯弓,3073,1,10
4052,4,稀有保险柜,50004,60004,150,2,26,史诗切割者圆锯弓,3074,1,4
4053,4,稀有保险柜,50004,60004,150,2,26,传奇切割者圆锯弓,3075,1,2
4054,4,稀有保险柜,50004,60004,150,1,26,优秀毒瓶弓,3082,1,20
4055,4,稀有保险柜,50004,60004,150,1,26,无暇毒瓶弓,3083,1,10
4056,4,稀有保险柜,50004,60004,150,2,26,史诗毒瓶弓,3084,1,4
4057,4,稀有保险柜,50004,60004,150,2,26,传奇毒瓶弓,3085,1,2
4058,4,稀有保险柜,50004,60004,150,1,26,优秀暗杀者手枪,4062,1,20
4059,4,稀有保险柜,50004,60004,150,1,26,无暇暗杀者手枪,4063,1,10
4060,4,稀有保险柜,50004,60004,150,2,26,史诗暗杀者手枪,4064,1,4
4061,4,稀有保险柜,50004,60004,150,2,26,传奇暗杀者手枪,4065,1,2
4062,4,稀有保险柜,50004,60004,150,1,26,优秀末世UZI,4072,1,20
4063,4,稀有保险柜,50004,60004,150,1,26,无暇末世UZI,4073,1,10
4064,4,稀有保险柜,50004,60004,150,2,26,史诗末世UZI,4074,1,4
4065,4,稀有保险柜,50004,60004,150,2,26,传奇末世UZI,4075,1,2
4066,4,稀有保险柜,50004,60004,150,1,26,优秀M416突击步枪,5082,1,20
4067,4,稀有保险柜,50004,60004,150,1,26,无暇M416突击步枪,5083,1,10
4068,4,稀有保险柜,50004,60004,150,2,26,史诗M416突击步枪,5084,1,4
4069,4,稀有保险柜,50004,60004,150,2,26,传奇M416突击步枪,5085,1,2
4070,4,稀有保险柜,50004,60004,150,1,26,优秀聒噪之人连射霰弹枪,6072,1,20
4071,4,稀有保险柜,50004,60004,150,1,26,无暇聒噪之人连射霰弹枪,6073,1,10
4072,4,稀有保险柜,50004,60004,150,2,26,史诗聒噪之人连射霰弹枪,6074,1,4
4073,4,稀有保险柜,50004,60004,150,2,26,传奇聒噪之人连射霰弹枪,6075,1,2
4074,4,稀有保险柜,50004,60004,150,1,26,优秀莫幸纳甘狙击枪,7062,1,20
4075,4,稀有保险柜,50004,60004,150,1,26,无暇莫幸纳甘狙击枪,7063,1,10
4076,4,稀有保险柜,50004,60004,150,2,26,史诗莫幸纳甘狙击枪,7064,1,4
4077,4,稀有保险柜,50004,60004,150,2,26,传奇莫幸纳甘狙击枪,7065,1,2
4078,4,稀有保险柜,50004,60004,150,1,26,优秀制导式火箭,8072,1,20
4079,4,稀有保险柜,50004,60004,150,1,26,无暇制导式火箭,8073,1,10
4080,4,稀有保险柜,50004,60004,150,2,26,史诗制导式火箭,8074,1,4
4081,4,稀有保险柜,50004,60004,150,2,26,传奇制导式火箭,8075,1,2
4082,4,稀有保险柜,50004,60004,150,1,26,优秀特种部队护甲,10062,1,20
4083,4,稀有保险柜,50004,60004,150,1,26,无暇特种部队护甲,10063,1,10
4084,4,稀有保险柜,50004,60004,150,2,26,史诗特种部队护甲,10064,1,4
4085,4,稀有保险柜,50004,60004,150,2,26,传奇特种部队护甲,10065,1,2
4086,4,稀有保险柜,50004,60004,150,1,26,优秀帝国装甲,11062,1,20
4087,4,稀有保险柜,50004,60004,150,1,26,无暇帝国装甲,11063,1,10
4088,4,稀有保险柜,50004,60004,150,2,26,史诗帝国装甲,11064,1,4
4089,4,稀有保险柜,50004,60004,150,2,26,传奇帝国装甲,11065,1,2
4090,4,稀有保险柜,50004,60004,150,1,26,优秀防弹衣,12062,1,20
4091,4,稀有保险柜,50004,60004,150,1,26,无暇防弹衣,12063,1,10
4092,4,稀有保险柜,50004,60004,150,2,26,史诗防弹衣,12064,1,4
4093,4,稀有保险柜,50004,60004,150,2,26,传奇防弹衣,12065,1,2
4094,4,稀有保险柜,50004,60004,150,1,26,优秀防爆头盔,13072,1,20
4095,4,稀有保险柜,50004,60004,150,1,26,无暇防爆头盔,13073,1,10
4096,4,稀有保险柜,50004,60004,150,2,26,史诗防爆头盔,13074,1,4
4097,4,稀有保险柜,50004,60004,150,2,26,传奇防爆头盔,13075,1,2
4098,4,稀有保险柜,50004,60004,150,1,26,优秀朋克面罩,14072,1,20
4099,4,稀有保险柜,50004,60004,150,1,26,无暇朋克面罩,14073,1,10
4100,4,稀有保险柜,50004,60004,150,2,26,史诗朋克面罩,14074,1,4
4101,4,稀有保险柜,50004,60004,150,2,26,传奇朋克面罩,14075,1,2
4102,4,稀有保险柜,50004,60004,150,1,26,优秀岩石裤甲,15072,1,20
4103,4,稀有保险柜,50004,60004,150,1,26,无暇岩石裤甲,15073,1,10
4104,4,稀有保险柜,50004,60004,150,2,26,史诗岩石裤甲,15074,1,4
4105,4,稀有保险柜,50004,60004,150,2,26,传奇岩石裤甲,15075,1,2
4106,4,稀有保险柜,50004,60004,150,1,26,优秀武装裤甲,15082,1,20
4107,4,稀有保险柜,50004,60004,150,1,26,无暇武装裤甲,15083,1,10
4108,4,稀有保险柜,50004,60004,150,2,26,史诗武装裤甲,15084,1,4
4109,4,稀有保险柜,50004,60004,150,2,26,传奇武装裤甲,15085,1,2
4110,4,稀有保险柜,50004,60004,150,1,26,优秀战神腿甲,16062,1,20
4111,4,稀有保险柜,50004,60004,150,1,26,无暇战神腿甲,16063,1,10
4112,4,稀有保险柜,50004,60004,150,2,26,史诗战神腿甲,16064,1,4
4113,4,稀有保险柜,50004,60004,150,2,26,传奇战神腿甲,16065,1,2
4114,4,稀有保险柜,50004,60004,150,1,26,优秀鬼魅腿甲,16072,1,20
4115,4,稀有保险柜,50004,60004,150,1,26,无暇鬼魅腿甲,16073,1,10
4116,4,稀有保险柜,50004,60004,150,2,26,史诗鬼魅腿甲,16074,1,4
4117,4,稀有保险柜,50004,60004,150,2,26,传奇鬼魅腿甲,16075,1,2
4118,4,稀有保险柜,50004,60004,150,1,26,优秀气垫鞋,17072,1,20
4119,4,稀有保险柜,50004,60004,150,1,26,无暇气垫鞋,17073,1,10
4120,4,稀有保险柜,50004,60004,150,2,26,史诗气垫鞋,17074,1,4
4121,4,稀有保险柜,50004,60004,150,2,26,传奇气垫鞋,17075,1,2
4122,4,稀有保险柜,50004,60004,150,1,26,优秀防爆靴,18072,1,20
4123,4,稀有保险柜,50004,60004,150,1,26,无暇防爆靴,18073,1,10
4124,4,稀有保险柜,50004,60004,150,2,26,史诗防爆靴,18074,1,4
4125,4,稀有保险柜,50004,60004,150,2,26,传奇防爆靴,18075,1,2
4126,4,稀有保险柜,50004,60004,150,1,26,优秀随身医疗箱,20062,1,20
4127,4,稀有保险柜,50004,60004,150,1,26,无暇随身医疗箱,20063,1,10
4128,4,稀有保险柜,50004,60004,150,2,26,史诗随身医疗箱,20064,1,4
4129,4,稀有保险柜,50004,60004,150,2,26,传奇随身医疗箱,20065,1,2
4130,4,稀有保险柜,50004,60004,150,1,26,优秀机械修复装置,21082,1,20
4131,4,稀有保险柜,50004,60004,150,1,26,无暇机械修复装置,21083,1,10
4132,4,稀有保险柜,50004,60004,150,2,26,史诗机械修复装置,21084,1,4
4133,4,稀有保险柜,50004,60004,150,2,26,传奇机械修复装置,21085,1,2
4134,4,稀有保险柜,50004,60004,150,1,26,优秀破片地雷,22082,1,20
4135,4,稀有保险柜,50004,60004,150,1,26,无暇破片地雷,22083,1,10
4136,4,稀有保险柜,50004,60004,150,2,26,史诗破片地雷,22084,1,4
4137,4,稀有保险柜,50004,60004,150,2,26,传奇破片地雷,22085,1,2
4138,4,稀有保险柜,50004,60004,150,1,26,优秀燃烧手雷,23062,1,20
4139,4,稀有保险柜,50004,60004,150,1,26,无暇燃烧手雷,23063,1,10
4140,4,稀有保险柜,50004,60004,150,2,26,史诗燃烧手雷,23064,1,4
4141,4,稀有保险柜,50004,60004,150,2,26,传奇燃烧手雷,23065,1,2
4142,4,稀有保险柜,50004,60004,150,1,26,优秀士兵的铭牌,24072,1,20
4143,4,稀有保险柜,50004,60004,150,1,26,无暇士兵的铭牌,24073,1,10
4144,4,稀有保险柜,50004,60004,150,2,26,史诗士兵的铭牌,24074,1,4
4145,4,稀有保险柜,50004,60004,150,2,26,传奇士兵的铭牌,24075,1,2
4146,4,稀有保险柜,50004,60004,150,1,26,优秀拦截盾牌,25072,1,20
4147,4,稀有保险柜,50004,60004,150,1,26,无暇拦截盾牌,25073,1,10
4148,4,稀有保险柜,50004,60004,150,2,26,史诗拦截盾牌,25074,1,4
4149,4,稀有保险柜,50004,60004,150,2,26,传奇拦截盾牌,25075,1,2
4150,4,稀有保险柜,50004,60004,150,1,26,优秀荣誉勋章,24162,1,20
4151,4,稀有保险柜,50004,60004,150,1,26,无暇荣誉勋章,24163,1,10
4152,4,稀有保险柜,50004,60004,150,2,26,史诗荣誉勋章,24164,1,4
4153,4,稀有保险柜,50004,60004,150,2,26,传奇荣誉勋章,24165,1,2
5000,5,胜利宝箱,50005,60005,250,1,6,坦桑原石,30013,30,1800
5001,5,胜利宝箱,50005,60005,250,1,6,薄膜面料,30014,26,1500
5002,5,胜利宝箱,50005,60005,250,1,6,强力黏液,30015,22,900
5003,5,胜利宝箱,50005,60005,250,2,4,图纸碎片,10004,18,100
5004,5,胜利宝箱,50005,60005,250,1,20,便携交通工具,130001,1,300
5005,5,胜利宝箱,50005,60005,250,1,20,轻型机动车,130002,1,150
5006,5,胜利宝箱,50005,60005,250,1,21,初级探测器,130100,1,300
5007,5,胜利宝箱,50005,60005,250,1,21,中级探测器,130101,1,150
5008,5,胜利宝箱,50005,60005,250,1,22,初级战斗辅助器,130200,1,300
5009,5,胜利宝箱,50005,60005,250,1,22,中级战斗辅助器,130201,1,150
5010,5,胜利宝箱,50005,60005,250,1,24,初级战斗手册,130300,1,300
5011,5,胜利宝箱,50005,60005,250,1,24,中级战斗手册,130301,1,150
5012,5,胜利宝箱,50005,60005,250,1,18,小型经验箱,150006,1,200
5013,5,胜利宝箱,50005,60005,250,1,18,中型经验箱,150007,1,150
5014,5,胜利宝箱,50005,60005,250,1,25,维修工具,130400,1,200
5015,5,胜利宝箱,50005,60005,250,2,23,功能饮料,150002,1,100
5016,5,胜利宝箱,50005,60005,250,2,23,恢复药水,150001,1,200
5017,5,胜利宝箱,50005,60005,250,2,18,大型经验箱,150008,1,100
5018,5,胜利宝箱,50005,60005,250,2,24,高级战斗手册,130302,1,100
5019,5,胜利宝箱,50005,60005,250,2,22,高级战斗辅助器,130202,1,100
5020,5,胜利宝箱,50005,60005,250,2,21,高级探测器,130102,1,100
5021,5,胜利宝箱,50005,60005,250,2,20,大型机动车,130003,1,100
5022,5,胜利宝箱,50005,60005,250,2,19,护卫进阶凭证,90002,1,112
5023,5,胜利宝箱,50005,60005,250,2,19,突击手进阶凭证,90003,1,112
5024,5,胜利宝箱,50005,60005,250,2,19,指挥官进阶凭证,90004,1,112
5025,5,胜利宝箱,50005,60005,250,2,19,射手进阶凭证,90005,1,112
5026,5,胜利宝箱,50005,60005,250,2,19,侦探进阶凭证,90006,1,112
5027,5,胜利宝箱,50005,60005,250,2,19,忍者进阶凭证,90007,1,110
5028,5,胜利宝箱,50005,60005,250,2,19,医生进阶凭证,90008,1,110
5029,5,胜利宝箱,50005,60005,250,2,19,教授进阶凭证,90009,1,110
5030,5,胜利宝箱,50005,60005,250,2,19,修士进阶凭证,90010,1,110
5031,5,胜利宝箱,50005,60005,250,2,19,普通转职证书,90001,1,80
5032,5,胜利宝箱,50005,60005,250,2,19,精英转职证书,90011,1,60
5033,5,胜利宝箱,50005,60005,250,2,19,王牌转职证书,90012,1,40
5034,5,胜利宝箱,50005,60005,250,2,19,传奇转职证书,90013,1,20
5035,5,胜利宝箱,50005,60005,250,3,16,页锤,162090,1,50
5036,5,胜利宝箱,50005,60005,250,3,16,火焰喷射器,168090,1,50
5037,5,胜利宝箱,50005,60005,250,3,16,神探贝雷帽,174090,1,50
5038,5,胜利宝箱,50005,60005,250,3,16,冰冻手雷,183080,1,50
5039,5,胜利宝箱,50005,60005,250,3,16,银制子弹,184090,1,50
5040,5,胜利宝箱,50005,60005,250,3,16,防爆盾,185160,1,50
5041,5,胜利宝箱,50005,60005,250,1,26,优秀锯齿刀,1082,1,20
5042,5,胜利宝箱,50005,60005,250,1,26,无暇锯齿刀,1083,1,10
5043,5,胜利宝箱,50005,60005,250,2,26,史诗锯齿刀,1084,1,4
5044,5,胜利宝箱,50005,60005,250,2,26,传奇锯齿刀,1085,1,2
5045,5,胜利宝箱,50005,60005,250,1,26,优秀战锤,2082,1,20
5046,5,胜利宝箱,50005,60005,250,1,26,无暇战锤,2083,1,10
5047,5,胜利宝箱,50005,60005,250,2,26,史诗战锤,2084,1,4
5048,5,胜利宝箱,50005,60005,250,2,26,传奇战锤,2085,1,2
5049,5,胜利宝箱,50005,60005,250,1,26,优秀页锤,2092,1,20
5050,5,胜利宝箱,50005,60005,250,1,26,无暇页锤,2093,1,10
5051,5,胜利宝箱,50005,60005,250,2,26,史诗页锤,2094,1,4
5052,5,胜利宝箱,50005,60005,250,2,26,传奇页锤,2095,1,2
5053,5,胜利宝箱,50005,60005,250,1,26,优秀穿墙者爆破弓,3092,1,20
5054,5,胜利宝箱,50005,60005,250,1,26,无暇穿墙者爆破弓,3093,1,10
5055,5,胜利宝箱,50005,60005,250,2,26,史诗穿墙者爆破弓,3094,1,4
5056,5,胜利宝箱,50005,60005,250,2,26,传奇穿墙者爆破弓,3095,1,2
5057,5,胜利宝箱,50005,60005,250,1,26,优秀M18手枪,4082,1,20
5058,5,胜利宝箱,50005,60005,250,1,26,无暇M18手枪,4083,1,10
5059,5,胜利宝箱,50005,60005,250,2,26,史诗M18手枪,4084,1,4
5060,5,胜利宝箱,50005,60005,250,2,26,传奇M18手枪,4085,1,2
5061,5,胜利宝箱,50005,60005,250,1,26,优秀塔沃夫突击步枪,5092,1,20
5062,5,胜利宝箱,50005,60005,250,1,26,无暇塔沃夫突击步枪,5093,1,10
5063,5,胜利宝箱,50005,60005,250,2,26,史诗塔沃夫突击步枪,5094,1,4
5064,5,胜利宝箱,50005,60005,250,2,26,传奇塔沃夫突击步枪,5095,1,2
5065,5,胜利宝箱,50005,60005,250,1,26,优秀九头蛇多管霰弹枪,6082,1,20
5066,5,胜利宝箱,50005,60005,250,1,26,无暇九头蛇多管霰弹枪,6083,1,10
5067,5,胜利宝箱,50005,60005,250,2,26,史诗九头蛇多管霰弹枪,6084,1,4
5068,5,胜利宝箱,50005,60005,250,2,26,传奇九头蛇多管霰弹枪,6085,1,2
5069,5,胜利宝箱,50005,60005,250,1,26,优秀R93狙击枪,7072,1,20
5070,5,胜利宝箱,50005,60005,250,1,26,无暇R93狙击枪,7073,1,10
5071,5,胜利宝箱,50005,60005,250,2,26,史诗R93狙击枪,7074,1,4
5072,5,胜利宝箱,50005,60005,250,2,26,传奇R93狙击枪,7075,1,2
5073,5,胜利宝箱,50005,60005,250,1,26,优秀QLB06榴弹枪,8082,1,20
5074,5,胜利宝箱,50005,60005,250,1,26,无暇QLB06榴弹枪,8083,1,10
5075,5,胜利宝箱,50005,60005,250,2,26,史诗QLB06榴弹枪,8084,1,4
5076,5,胜利宝箱,50005,60005,250,2,26,传奇QLB06榴弹枪,8085,1,2
5077,5,胜利宝箱,50005,60005,250,1,26,优秀火焰喷射器,8092,1,20
5078,5,胜利宝箱,50005,60005,250,1,26,无暇火焰喷射器,8093,1,10
5079,5,胜利宝箱,50005,60005,250,2,26,史诗火焰喷射器,8094,1,4
5080,5,胜利宝箱,50005,60005,250,2,26,传奇火焰喷射器,8095,1,2
5081,5,胜利宝箱,50005,60005,250,1,26,优秀岩石护甲,10072,1,20
5082,5,胜利宝箱,50005,60005,250,1,26,无暇岩石护甲,10073,1,10
5083,5,胜利宝箱,50005,60005,250,2,26,史诗岩石护甲,10074,1,4
5084,5,胜利宝箱,50005,60005,250,2,26,传奇岩石护甲,10075,1,2
5085,5,胜利宝箱,50005,60005,250,1,26,优秀骑士装甲,11072,1,20
5086,5,胜利宝箱,50005,60005,250,1,26,无暇骑士装甲,11073,1,10
5087,5,胜利宝箱,50005,60005,250,2,26,史诗骑士装甲,11074,1,4
5088,5,胜利宝箱,50005,60005,250,2,26,传奇骑士装甲,11075,1,2
5089,5,胜利宝箱,50005,60005,250,1,26,优秀烈焰装甲,11122,1,0
5090,5,胜利宝箱,50005,60005,250,1,26,无暇烈焰装甲,11123,1,0
5091,5,胜利宝箱,50005,60005,250,2,26,史诗烈焰装甲,11124,1,0
5092,5,胜利宝箱,50005,60005,250,2,26,传奇烈焰装甲,11125,1,0
5093,5,胜利宝箱,50005,60005,250,1,26,优秀恶灵外套,12072,1,20
5094,5,胜利宝箱,50005,60005,250,1,26,无暇恶灵外套,12073,1,10
5095,5,胜利宝箱,50005,60005,250,2,26,史诗恶灵外套,12074,1,4
5096,5,胜利宝箱,50005,60005,250,2,26,传奇恶灵外套,12075,1,2
5097,5,胜利宝箱,50005,60005,250,1,26,优秀最终武士头盔,13082,1,20
5098,5,胜利宝箱,50005,60005,250,1,26,无暇最终武士头盔,13083,1,10
5099,5,胜利宝箱,50005,60005,250,2,26,史诗最终武士头盔,13084,1,4
5100,5,胜利宝箱,50005,60005,250,2,26,传奇最终武士头盔,13085,1,2
5101,5,胜利宝箱,50005,60005,250,1,26,优秀科技先锋,14082,1,20
5102,5,胜利宝箱,50005,60005,250,1,26,无暇科技先锋,14083,1,10
5103,5,胜利宝箱,50005,60005,250,2,26,史诗科技先锋,14084,1,4
5104,5,胜利宝箱,50005,60005,250,2,26,传奇科技先锋,14085,1,2
5105,5,胜利宝箱,50005,60005,250,1,26,优秀神探贝雷帽,14092,1,20
5106,5,胜利宝箱,50005,60005,250,1,26,无暇神探贝雷帽,14093,1,10
5107,5,胜利宝箱,50005,60005,250,2,26,史诗神探贝雷帽,14094,1,4
5108,5,胜利宝箱,50005,60005,250,2,26,传奇神探贝雷帽,14095,1,2
5109,5,胜利宝箱,50005,60005,250,1,26,优秀恶灵裤甲,15092,1,20
5110,5,胜利宝箱,50005,60005,250,1,26,无暇恶灵裤甲,15093,1,10
5111,5,胜利宝箱,50005,60005,250,2,26,史诗恶灵裤甲,15094,1,4
5112,5,胜利宝箱,50005,60005,250,2,26,传奇恶灵裤甲,15095,1,2
5113,5,胜利宝箱,50005,60005,250,1,26,优秀背叛者腿甲,16082,1,20
5114,5,胜利宝箱,50005,60005,250,1,26,无暇背叛者腿甲,16083,1,10
5115,5,胜利宝箱,50005,60005,250,2,26,史诗背叛者腿甲,16084,1,4
5116,5,胜利宝箱,50005,60005,250,2,26,传奇背叛者腿甲,16085,1,2
5117,5,胜利宝箱,50005,60005,250,1,26,优秀刺头靴,17082,1,20
5118,5,胜利宝箱,50005,60005,250,1,26,无暇刺头靴,17083,1,10
5119,5,胜利宝箱,50005,60005,250,2,26,史诗刺头靴,17084,1,4
5120,5,胜利宝箱,50005,60005,250,2,26,传奇刺头靴,17085,1,2
5121,5,胜利宝箱,50005,60005,250,1,26,优秀最终武士靴,18082,1,20
5122,5,胜利宝箱,50005,60005,250,1,26,无暇最终武士靴,18083,1,10
5123,5,胜利宝箱,50005,60005,250,2,26,史诗最终武士靴,18084,1,4
5124,5,胜利宝箱,50005,60005,250,2,26,传奇最终武士靴,18085,1,2
5125,5,胜利宝箱,50005,60005,250,1,26,优秀冰凉的醒脑丸,20072,1,20
5126,5,胜利宝箱,50005,60005,250,1,26,无暇冰凉的醒脑丸,20073,1,10
5127,5,胜利宝箱,50005,60005,250,2,26,史诗冰凉的醒脑丸,20074,1,4
5128,5,胜利宝箱,50005,60005,250,2,26,传奇冰凉的醒脑丸,20075,1,2
5129,5,胜利宝箱,50005,60005,250,1,26,优秀弱点分析眼镜,21092,1,20
5130,5,胜利宝箱,50005,60005,250,1,26,无暇弱点分析眼镜,21093,1,10
5131,5,胜利宝箱,50005,60005,250,2,26,史诗弱点分析眼镜,21094,1,4
5132,5,胜利宝箱,50005,60005,250,2,26,传奇弱点分析眼镜,21095,1,2
5133,5,胜利宝箱,50005,60005,250,1,26,优秀辐射飞镖,22092,1,20
5134,5,胜利宝箱,50005,60005,250,1,26,无暇辐射飞镖,22093,1,10
5135,5,胜利宝箱,50005,60005,250,2,26,史诗辐射飞镖,22094,1,4
5136,5,胜利宝箱,50005,60005,250,2,26,传奇辐射飞镖,22095,1,2
5137,5,胜利宝箱,50005,60005,250,1,26,优秀电击手雷,23072,1,20
5138,5,胜利宝箱,50005,60005,250,1,26,无暇电击手雷,23073,1,10
5139,5,胜利宝箱,50005,60005,250,2,26,史诗电击手雷,23074,1,4
5140,5,胜利宝箱,50005,60005,250,2,26,传奇电击手雷,23075,1,2
5141,5,胜利宝箱,50005,60005,250,1,26,优秀冰冻手雷,23082,1,20
5142,5,胜利宝箱,50005,60005,250,1,26,无暇冰冻手雷,23083,1,10
5143,5,胜利宝箱,50005,60005,250,2,26,史诗冰冻手雷,23084,1,4
5144,5,胜利宝箱,50005,60005,250,2,26,传奇冰冻手雷,23085,1,2
5145,5,胜利宝箱,50005,60005,250,1,26,优秀精致的打火机,24082,1,20
5146,5,胜利宝箱,50005,60005,250,1,26,无暇精致的打火机,24083,1,10
5147,5,胜利宝箱,50005,60005,250,2,26,史诗精致的打火机,24084,1,4
5148,5,胜利宝箱,50005,60005,250,2,26,传奇精致的打火机,24085,1,2
5149,5,胜利宝箱,50005,60005,250,1,26,优秀银制子弹,24092,1,20
5150,5,胜利宝箱,50005,60005,250,1,26,无暇银制子弹,24093,1,10
5151,5,胜利宝箱,50005,60005,250,2,26,史诗银制子弹,24094,1,4
5152,5,胜利宝箱,50005,60005,250,2,26,传奇银制子弹,24095,1,2
5153,5,胜利宝箱,50005,60005,250,1,26,优秀合金盾牌大盾,25082,1,20
5154,5,胜利宝箱,50005,60005,250,1,26,无暇合金盾牌大盾,25083,1,10
5155,5,胜利宝箱,50005,60005,250,2,26,史诗合金盾牌大盾,25084,1,4
5156,5,胜利宝箱,50005,60005,250,2,26,传奇合金盾牌大盾,25085,1,2
6000,6,无畏宝箱,50006,60006,350,1,6,复合纤维,30016,20,1800
6001,6,无畏宝箱,50006,60006,350,1,6,变异结核,30017,16,1500
6002,6,无畏宝箱,50006,60006,350,1,6,能量晶体,30018,12,900
6003,6,无畏宝箱,50006,60006,350,2,4,图纸碎片,10004,21,100
6004,6,无畏宝箱,50006,60006,350,1,20,便携交通工具,130001,1,300
6005,6,无畏宝箱,50006,60006,350,1,20,轻型机动车,130002,1,150
6006,6,无畏宝箱,50006,60006,350,1,21,初级探测器,130100,1,300
6007,6,无畏宝箱,50006,60006,350,1,21,中级探测器,130101,1,150
6008,6,无畏宝箱,50006,60006,350,1,22,初级战斗辅助器,130200,1,300
6009,6,无畏宝箱,50006,60006,350,1,22,中级战斗辅助器,130201,1,150
6010,6,无畏宝箱,50006,60006,350,1,24,初级战斗手册,130300,1,300
6011,6,无畏宝箱,50006,60006,350,1,24,中级战斗手册,130301,1,150
6012,6,无畏宝箱,50006,60006,350,1,18,小型经验箱,150006,1,200
6013,6,无畏宝箱,50006,60006,350,1,18,中型经验箱,150007,1,150
6014,6,无畏宝箱,50006,60006,350,1,25,维修工具,130400,1,200
6015,6,无畏宝箱,50006,60006,350,2,23,功能饮料,150002,1,100
6016,6,无畏宝箱,50006,60006,350,2,23,恢复药水,150001,1,200
6017,6,无畏宝箱,50006,60006,350,2,24,大型经验箱,150008,1,100
6018,6,无畏宝箱,50006,60006,350,2,24,大型经验箱,150008,1,100
6019,6,无畏宝箱,50006,60006,350,2,22,高级战斗辅助器,130202,1,100
6020,6,无畏宝箱,50006,60006,350,2,21,高级探测器,130102,1,100
6021,6,无畏宝箱,50006,60006,350,2,20,大型机动车,130003,1,100
6022,6,无畏宝箱,50006,60006,350,2,19,护卫进阶凭证,90002,1,112
6023,6,无畏宝箱,50006,60006,350,2,19,突击手进阶凭证,90003,1,112
6024,6,无畏宝箱,50006,60006,350,2,19,指挥官进阶凭证,90004,1,112
6025,6,无畏宝箱,50006,60006,350,2,19,射手进阶凭证,90005,1,112
6026,6,无畏宝箱,50006,60006,350,2,19,侦探进阶凭证,90006,1,112
6027,6,无畏宝箱,50006,60006,350,2,19,忍者进阶凭证,90007,1,110
6028,6,无畏宝箱,50006,60006,350,2,19,医生进阶凭证,90008,1,110
6029,6,无畏宝箱,50006,60006,350,2,19,教授进阶凭证,90009,1,110
6030,6,无畏宝箱,50006,60006,350,2,19,修士进阶凭证,90010,1,110
6031,6,无畏宝箱,50006,60006,350,2,19,普通转职证书,90001,1,80
6032,6,无畏宝箱,50006,60006,350,2,19,精英转职证书,90011,1,60
6033,6,无畏宝箱,50006,60006,350,2,19,王牌转职证书,90012,1,40
6034,6,无畏宝箱,50006,60006,350,2,19,传奇转职证书,90013,1,20
6035,6,无畏宝箱,50006,60006,350,3,16,钛合金斧,161110,1,50
6036,6,无畏宝箱,50006,60006,350,3,16,电弧突击步枪,165110,1,25
6037,6,无畏宝箱,50006,60006,350,3,16,眼镜蛇生化霰弹枪,166100,1,50
6038,6,无畏宝箱,50006,60006,350,3,16,K6-3头盔,173100,1,25
6039,6,无畏宝箱,50006,60006,350,3,16,暗影忍者足具,177100,1,75
6040,6,无畏宝箱,50006,60006,350,3,16,抗毒针,180090,1,75
6041,6,无畏宝箱,50006,60006,350,1,26,优秀斩马刀,1092,1,20
6042,6,无畏宝箱,50006,60006,350,1,26,无暇斩马刀,1093,1,10
6043,6,无畏宝箱,50006,60006,350,2,26,史诗斩马刀,1094,1,4
6044,6,无畏宝箱,50006,60006,350,2,26,传奇斩马刀,1095,1,2
6045,6,无畏宝箱,50006,60006,350,1,26,优秀钛合金斧,1112,1,20
6046,6,无畏宝箱,50006,60006,350,1,26,无暇钛合金斧,1113,1,10
6047,6,无畏宝箱,50006,60006,350,2,26,史诗钛合金斧,1114,1,4
6048,6,无畏宝箱,50006,60006,350,2,26,传奇钛合金斧,1115,1,2
6049,6,无畏宝箱,50006,60006,350,1,26,优秀电击棍,2102,1,20
6050,6,无畏宝箱,50006,60006,350,1,26,无暇电击棍,2103,1,10
6051,6,无畏宝箱,50006,60006,350,2,26,史诗电击棍,2104,1,4
6052,6,无畏宝箱,50006,60006,350,2,26,传奇电击棍,2105,1,2
6053,6,无畏宝箱,50006,60006,350,1,26,优秀电网发射弓,3102,1,20
6054,6,无畏宝箱,50006,60006,350,1,26,无暇电网发射弓,3103,1,10
6055,6,无畏宝箱,50006,60006,350,2,26,史诗电网发射弓,3104,1,4
6056,6,无畏宝箱,50006,60006,350,2,26,传奇电网发射弓,3105,1,2
6057,6,无畏宝箱,50006,60006,350,1,26,优秀闪雷电浆冲锋枪,4092,1,20
6058,6,无畏宝箱,50006,60006,350,1,26,无暇闪雷电浆冲锋枪,4093,1,10
6059,6,无畏宝箱,50006,60006,350,2,26,史诗闪雷电浆冲锋枪,4094,1,4
6060,6,无畏宝箱,50006,60006,350,2,26,传奇闪雷电浆冲锋枪,4095,1,2
6061,6,无畏宝箱,50006,60006,350,1,26,优秀G36C突击枪,5102,1,20
6062,6,无畏宝箱,50006,60006,350,1,26,无暇G36C突击枪,5103,1,10
6063,6,无畏宝箱,50006,60006,350,2,26,史诗G36C突击枪,5104,1,4
6064,6,无畏宝箱,50006,60006,350,2,26,传奇G36C突击枪,5105,1,2
6065,6,无畏宝箱,50006,60006,350,1,26,优秀电弧突击步枪,5112,1,20
6066,6,无畏宝箱,50006,60006,350,1,26,无暇电弧突击步枪,5113,1,10
6067,6,无畏宝箱,50006,60006,350,2,26,史诗电弧突击步枪,5114,1,4
6068,6,无畏宝箱,50006,60006,350,2,26,传奇电弧突击步枪,5115,1,2
6069,6,无畏宝箱,50006,60006,350,1,26,优秀冻结之星霰弹枪,6092,1,20
6070,6,无畏宝箱,50006,60006,350,1,26,无暇冻结之星霰弹枪,6093,1,10
6071,6,无畏宝箱,50006,60006,350,2,26,史诗冻结之星霰弹枪,6094,1,4
6072,6,无畏宝箱,50006,60006,350,2,26,传奇冻结之星霰弹枪,6095,1,2
6073,6,无畏宝箱,50006,60006,350,1,26,优秀眼镜蛇生化霰弹枪,6102,1,20
6074,6,无畏宝箱,50006,60006,350,1,26,无暇眼镜蛇生化霰弹枪,6103,1,10
6075,6,无畏宝箱,50006,60006,350,2,26,史诗眼镜蛇生化霰弹枪,6104,1,4
6076,6,无畏宝箱,50006,60006,350,2,26,传奇眼镜蛇生化霰弹枪,6105,1,2
6077,6,无畏宝箱,50006,60006,350,1,26,优秀眼镜蛇生化狙击枪,7082,1,20
6078,6,无畏宝箱,50006,60006,350,1,26,无暇眼镜蛇生化狙击枪,7083,1,10
6079,6,无畏宝箱,50006,60006,350,2,26,史诗眼镜蛇生化狙击枪,7084,1,4
6080,6,无畏宝箱,50006,60006,350,2,26,传奇眼镜蛇生化狙击枪,7085,1,2
6081,6,无畏宝箱,50006,60006,350,1,26,优秀电锯重弹枪,8102,1,20
6082,6,无畏宝箱,50006,60006,350,1,26,无暇电锯重弹枪,8103,1,10
6083,6,无畏宝箱,50006,60006,350,2,26,史诗电锯重弹枪,8104,1,4
6084,6,无畏宝箱,50006,60006,350,2,26,传奇电锯重弹枪,8105,1,2
6085,6,无畏宝箱,50006,60006,350,1,26,优秀鬼魅护甲,10082,1,20
6086,6,无畏宝箱,50006,60006,350,1,26,无暇鬼魅护甲,10083,1,10
6087,6,无畏宝箱,50006,60006,350,2,26,史诗鬼魅护甲,10084,1,4
6088,6,无畏宝箱,50006,60006,350,2,26,传奇鬼魅护甲,10085,1,2
6089,6,无畏宝箱,50006,60006,350,1,26,优秀战神装甲,11082,1,0
6090,6,无畏宝箱,50006,60006,350,1,26,无暇战神装甲,11083,1,0
6091,6,无畏宝箱,50006,60006,350,2,26,史诗战神装甲,11084,1,0
6092,6,无畏宝箱,50006,60006,350,2,26,传奇战神装甲,11085,1,0
6093,6,无畏宝箱,50006,60006,350,1,26,优秀黑莲战衣,12082,1,20
6094,6,无畏宝箱,50006,60006,350,1,26,无暇黑莲战衣,12083,1,10
6095,6,无畏宝箱,50006,60006,350,2,26,史诗黑莲战衣,12084,1,4
6096,6,无畏宝箱,50006,60006,350,2,26,传奇黑莲战衣,12085,1,2
6097,6,无畏宝箱,50006,60006,350,1,26,优秀遗迹骑士头盔,13092,1,20
6098,6,无畏宝箱,50006,60006,350,1,26,无暇遗迹骑士头盔,13093,1,10
6099,6,无畏宝箱,50006,60006,350,2,26,史诗遗迹骑士头盔,13094,1,4
6100,6,无畏宝箱,50006,60006,350,2,26,传奇遗迹骑士头盔,13095,1,2
6101,6,无畏宝箱,50006,60006,350,1,26,优秀K6-3头盔,13102,1,20
6102,6,无畏宝箱,50006,60006,350,1,26,无暇K6-3头盔,13103,1,10
6103,6,无畏宝箱,50006,60006,350,2,26,史诗K6-3头盔,13104,1,4
6104,6,无畏宝箱,50006,60006,350,2,26,传奇K6-3头盔,13105,1,2
6105,6,无畏宝箱,50006,60006,350,1,26,优秀武装通讯器,14102,1,20
6106,6,无畏宝箱,50006,60006,350,1,26,无暇武装通讯器,14103,1,10
6107,6,无畏宝箱,50006,60006,350,2,26,史诗武装通讯器,14104,1,4
6108,6,无畏宝箱,50006,60006,350,2,26,传奇武装通讯器,14105,1,2
6109,6,无畏宝箱,50006,60006,350,1,26,优秀特种部队裤甲,15102,1,20
6110,6,无畏宝箱,50006,60006,350,1,26,无暇特种部队裤甲,15103,1,10
6111,6,无畏宝箱,50006,60006,350,2,26,史诗特种部队裤甲,15104,1,4
6112,6,无畏宝箱,50006,60006,350,2,26,传奇特种部队裤甲,15105,1,2
6113,6,无畏宝箱,50006,60006,350,1,26,优秀帝国腿甲,16092,1,20
6114,6,无畏宝箱,50006,60006,350,1,26,无暇帝国腿甲,16093,1,10
6115,6,无畏宝箱,50006,60006,350,2,26,史诗帝国腿甲,16094,1,4
6116,6,无畏宝箱,50006,60006,350,2,26,传奇帝国腿甲,16095,1,2
6117,6,无畏宝箱,50006,60006,350,1,26,优秀生化步兵鞋,17092,1,20
6118,6,无畏宝箱,50006,60006,350,1,26,无暇生化步兵鞋,17093,1,10
6119,6,无畏宝箱,50006,60006,350,2,26,史诗生化步兵鞋,17094,1,4
6120,6,无畏宝箱,50006,60006,350,2,26,传奇生化步兵鞋,17095,1,2
6121,6,无畏宝箱,50006,60006,350,1,26,优秀暗影忍者足具,17102,1,20
6122,6,无畏宝箱,50006,60006,350,1,26,无暇暗影忍者足具,17103,1,10
6123,6,无畏宝箱,50006,60006,350,2,26,史诗暗影忍者足具,17104,1,4
6124,6,无畏宝箱,50006,60006,350,2,26,传奇暗影忍者足具,17105,1,2
6125,6,无畏宝箱,50006,60006,350,1,26,优秀帝国沙漠靴,18092,1,20
6126,6,无畏宝箱,50006,60006,350,1,26,无暇帝国沙漠靴,18093,1,10
6127,6,无畏宝箱,50006,60006,350,2,26,史诗帝国沙漠靴,18094,1,4
6128,6,无畏宝箱,50006,60006,350,2,26,传奇帝国沙漠靴,18095,1,2
6129,6,无畏宝箱,50006,60006,350,1,26,优秀治愈喷雾,20082,1,20
6130,6,无畏宝箱,50006,60006,350,1,26,无暇治愈喷雾,20083,1,10
6131,6,无畏宝箱,50006,60006,350,2,26,史诗治愈喷雾,20084,1,4
6132,6,无畏宝箱,50006,60006,350,2,26,传奇治愈喷雾,20085,1,2
6133,6,无畏宝箱,50006,60006,350,1,26,优秀抗毒针,20092,1,20
6134,6,无畏宝箱,50006,60006,350,1,26,无暇抗毒针,20093,1,10
6135,6,无畏宝箱,50006,60006,350,2,26,史诗抗毒针,20094,1,4
6136,6,无畏宝箱,50006,60006,350,2,26,传奇抗毒针,20095,1,2
6137,6,无畏宝箱,50006,60006,350,1,26,优秀探索者无人机,21102,1,20
6138,6,无畏宝箱,50006,60006,350,1,26,无暇探索者无人机,21103,1,10
6139,6,无畏宝箱,50006,60006,350,2,26,史诗探索者无人机,21104,1,4
6140,6,无畏宝箱,50006,60006,350,2,26,传奇探索者无人机,21105,1,2
6141,6,无畏宝箱,50006,60006,350,1,26,优秀微波照射仪,22102,1,20
6142,6,无畏宝箱,50006,60006,350,1,26,无暇微波照射仪,22103,1,10
6143,6,无畏宝箱,50006,60006,350,2,26,史诗微波照射仪,22104,1,4
6144,6,无畏宝箱,50006,60006,350,2,26,传奇微波照射仪,22105,1,2
6145,6,无畏宝箱,50006,60006,350,1,26,优秀音爆手雷,23092,1,20
6146,6,无畏宝箱,50006,60006,350,1,26,无暇音爆手雷,23093,1,10
6147,6,无畏宝箱,50006,60006,350,2,26,史诗音爆手雷,23094,1,4
6148,6,无畏宝箱,50006,60006,350,2,26,传奇音爆手雷,23095,1,2
6149,6,无畏宝箱,50006,60006,350,1,26,优秀黑金十字架,24102,1,20
6150,6,无畏宝箱,50006,60006,350,1,26,无暇黑金十字架,24103,1,10
6151,6,无畏宝箱,50006,60006,350,2,26,史诗黑金十字架,24104,1,4
6152,6,无畏宝箱,50006,60006,350,2,26,传奇黑金十字架,24105,1,2
6153,6,无畏宝箱,50006,60006,350,1,26,优秀暗金大盾,25092,1,20
6154,6,无畏宝箱,50006,60006,350,1,26,无暇暗金大盾,25093,1,10
6155,6,无畏宝箱,50006,60006,350,2,26,史诗暗金大盾,25094,1,4
6156,6,无畏宝箱,50006,60006,350,2,26,传奇暗金大盾,25095,1,2
7000,7,合金宝箱,50007,60007,500,1,6,单晶矿,30019,15,1800
7001,7,合金宝箱,50007,60007,500,1,6,稀有结核,30020,10,1500
7002,7,合金宝箱,50007,60007,500,1,6,超级电池,30021,8,900
7003,7,合金宝箱,50007,60007,500,2,4,图纸碎片,10004,24,100
7004,7,合金宝箱,50007,60007,500,1,20,便携交通工具,130001,1,300
7005,7,合金宝箱,50007,60007,500,1,20,轻型机动车,130002,1,150
7006,7,合金宝箱,50007,60007,500,1,21,初级探测器,130100,1,300
7007,7,合金宝箱,50007,60007,500,1,21,中级探测器,130101,1,150
7008,7,合金宝箱,50007,60007,500,1,22,初级战斗辅助器,130200,1,300
7009,7,合金宝箱,50007,60007,500,1,22,中级战斗辅助器,130201,1,150
7010,7,合金宝箱,50007,60007,500,1,24,初级战斗手册,130300,1,300
7011,7,合金宝箱,50007,60007,500,1,24,中级战斗手册,130301,1,150
7012,7,合金宝箱,50007,60007,500,1,18,小型经验箱,150006,1,200
7013,7,合金宝箱,50007,60007,500,1,18,中型经验箱,150007,1,150
7014,7,合金宝箱,50007,60007,500,1,25,维修工具,130400,1,200
7015,7,合金宝箱,50007,60007,500,2,23,功能饮料,150002,1,100
7016,7,合金宝箱,50007,60007,500,2,23,恢复药水,150001,1,200
7017,7,合金宝箱,50007,60007,500,2,24,大型经验箱,150008,1,100
7018,7,合金宝箱,50007,60007,500,2,24,大型经验箱,150008,1,100
7019,7,合金宝箱,50007,60007,500,2,22,高级战斗辅助器,130202,1,100
7020,7,合金宝箱,50007,60007,500,2,21,高级探测器,130102,1,100
7021,7,合金宝箱,50007,60007,500,2,20,大型机动车,130003,1,100
7022,7,合金宝箱,50007,60007,500,2,19,护卫进阶凭证,90002,1,112
7023,7,合金宝箱,50007,60007,500,2,19,突击手进阶凭证,90003,1,112
7024,7,合金宝箱,50007,60007,500,2,19,指挥官进阶凭证,90004,1,112
7025,7,合金宝箱,50007,60007,500,2,19,射手进阶凭证,90005,1,112
7026,7,合金宝箱,50007,60007,500,2,19,侦探进阶凭证,90006,1,112
7027,7,合金宝箱,50007,60007,500,2,19,忍者进阶凭证,90007,1,110
7028,7,合金宝箱,50007,60007,500,2,19,医生进阶凭证,90008,1,110
7029,7,合金宝箱,50007,60007,500,2,19,教授进阶凭证,90009,1,110
7030,7,合金宝箱,50007,60007,500,2,19,修士进阶凭证,90010,1,110
7031,7,合金宝箱,50007,60007,500,2,19,普通转职证书,90001,1,80
7032,7,合金宝箱,50007,60007,500,2,19,精英转职证书,90011,1,60
7033,7,合金宝箱,50007,60007,500,2,19,王牌转职证书,90012,1,40
7034,7,合金宝箱,50007,60007,500,2,19,传奇转职证书,90013,1,20
7035,7,合金宝箱,50007,60007,500,3,16,雷神锤,162120,1,50
7036,7,合金宝箱,50007,60007,500,3,16,溶解液短枪,164110,1,20
7037,7,合金宝箱,50007,60007,500,3,16,隔离头盔,174120,1,20
7038,7,合金宝箱,50007,60007,500,3,16,杰克的脚步,177120,1,75
7039,7,合金宝箱,50007,60007,500,3,16,战术屏障发生器,181120,1,75
7040,7,合金宝箱,50007,60007,500,3,16,奇怪的酒精饮料,180110,1,75
7041,7,合金宝箱,50007,60007,500,1,26,优秀长刀,1122,1,20
7042,7,合金宝箱,50007,60007,500,1,26,无暇长刀,1123,1,10
7043,7,合金宝箱,50007,60007,500,2,26,史诗长刀,1124,1,4
7044,7,合金宝箱,50007,60007,500,2,26,传奇长刀,1125,1,1
7045,7,合金宝箱,50007,60007,500,1,26,优秀碎骨锤,2112,1,20
7046,7,合金宝箱,50007,60007,500,1,26,无暇碎骨锤,2113,1,10
7047,7,合金宝箱,50007,60007,500,2,26,史诗碎骨锤,2114,1,4
7048,7,合金宝箱,50007,60007,500,2,26,传奇碎骨锤,2115,1,1
7049,7,合金宝箱,50007,60007,500,1,26,优秀响尾蛇热感弓,3112,1,20
7050,7,合金宝箱,50007,60007,500,1,26,无暇响尾蛇热感弓,3113,1,10
7051,7,合金宝箱,50007,60007,500,2,26,史诗响尾蛇热感弓,3114,1,4
7052,7,合金宝箱,50007,60007,500,2,26,传奇响尾蛇热感弓,3115,1,1
7053,7,合金宝箱,50007,60007,500,1,26,优秀小矮人射线手枪,4102,1,20
7054,7,合金宝箱,50007,60007,500,1,26,无暇小矮人射线手枪,4103,1,10
7055,7,合金宝箱,50007,60007,500,2,26,史诗小矮人射线手枪,4104,1,4
7056,7,合金宝箱,50007,60007,500,2,26,传奇小矮人射线手枪,4105,1,1
7057,7,合金宝箱,50007,60007,500,1,26,优秀FAMAS突击枪,5122,1,20
7058,7,合金宝箱,50007,60007,500,1,26,无暇FAMAS突击枪,5123,1,10
7059,7,合金宝箱,50007,60007,500,2,26,史诗FAMAS突击枪,5124,1,4
7060,7,合金宝箱,50007,60007,500,2,26,传奇FAMAS突击枪,5125,1,1
7061,7,合金宝箱,50007,60007,500,1,26,优秀雷神霰弹枪,6112,1,20
7062,7,合金宝箱,50007,60007,500,1,26,无暇雷神霰弹枪,6113,1,10
7063,7,合金宝箱,50007,60007,500,2,26,史诗雷神霰弹枪,6114,1,4
7064,7,合金宝箱,50007,60007,500,2,26,传奇雷神霰弹枪,6115,1,1
7065,7,合金宝箱,50007,60007,500,1,26,优秀暗杀者狙击枪,7092,1,20
7066,7,合金宝箱,50007,60007,500,1,26,无暇暗杀者狙击枪,7093,1,10
7067,7,合金宝箱,50007,60007,500,2,26,史诗暗杀者狙击枪,7094,1,4
7068,7,合金宝箱,50007,60007,500,2,26,传奇暗杀者狙击枪,7095,1,1
7069,7,合金宝箱,50007,60007,500,1,26,优秀狂怒镭射加特林,8112,1,20
7070,7,合金宝箱,50007,60007,500,1,26,无暇狂怒镭射加特林,8113,1,10
7071,7,合金宝箱,50007,60007,500,2,26,史诗狂怒镭射加特林,8114,1,4
7072,7,合金宝箱,50007,60007,500,2,26,传奇狂怒镭射加特林,8115,1,1
7073,7,合金宝箱,50007,60007,500,1,26,优秀裂空护甲,10092,1,20
7074,7,合金宝箱,50007,60007,500,1,26,无暇裂空护甲,10093,1,10
7075,7,合金宝箱,50007,60007,500,2,26,史诗裂空护甲,10094,1,4
7076,7,合金宝箱,50007,60007,500,2,26,传奇裂空护甲,10095,1,1
7077,7,合金宝箱,50007,60007,500,1,26,优秀森林守卫装甲,11092,1,20
7078,7,合金宝箱,50007,60007,500,1,26,无暇森林守卫装甲,11093,1,10
7079,7,合金宝箱,50007,60007,500,2,26,史诗森林守卫装甲,11094,1,4
7080,7,合金宝箱,50007,60007,500,2,26,传奇森林守卫装甲,11095,1,1
7081,7,合金宝箱,50007,60007,500,1,26,优秀传奇赛车服,12092,1,20
7082,7,合金宝箱,50007,60007,500,1,26,无暇传奇赛车服,12093,1,10
7083,7,合金宝箱,50007,60007,500,2,26,史诗传奇赛车服,12094,1,4
7084,7,合金宝箱,50007,60007,500,2,26,传奇传奇赛车服,12095,1,1
7085,7,合金宝箱,50007,60007,500,1,26,优秀帝国头盔头盔,13112,1,20
7086,7,合金宝箱,50007,60007,500,1,26,无暇帝国头盔头盔,13113,1,10
7087,7,合金宝箱,50007,60007,500,2,26,史诗帝国头盔头盔,13114,1,4
7088,7,合金宝箱,50007,60007,500,2,26,传奇帝国头盔头盔,13115,1,1
7089,7,合金宝箱,50007,60007,500,1,26,优秀终结战场,14112,1,0
7090,7,合金宝箱,50007,60007,500,1,26,无暇终结战场,14113,1,0
7091,7,合金宝箱,50007,60007,500,2,26,史诗终结战场,14114,1,0
7092,7,合金宝箱,50007,60007,500,2,26,传奇终结战场,14115,1,0
7093,7,合金宝箱,50007,60007,500,1,26,优秀猎空裤甲,15112,1,20
7094,7,合金宝箱,50007,60007,500,1,26,无暇猎空裤甲,15113,1,10
7095,7,合金宝箱,50007,60007,500,2,26,史诗猎空裤甲,15114,1,4
7096,7,合金宝箱,50007,60007,500,2,26,传奇猎空裤甲,15115,1,1
7097,7,合金宝箱,50007,60007,500,1,26,优秀森林守卫腿甲,16102,1,20
7098,7,合金宝箱,50007,60007,500,1,26,无暇森林守卫腿甲,16103,1,10
7099,7,合金宝箱,50007,60007,500,2,26,史诗森林守卫腿甲,16104,1,4
7100,7,合金宝箱,50007,60007,500,2,26,传奇森林守卫腿甲,16105,1,1
7101,7,合金宝箱,50007,60007,500,1,26,优秀铆钉鞋,17112,1,20
7102,7,合金宝箱,50007,60007,500,1,26,无暇铆钉鞋,17113,1,10
7103,7,合金宝箱,50007,60007,500,2,26,史诗铆钉鞋,17114,1,4
7104,7,合金宝箱,50007,60007,500,2,26,传奇铆钉鞋,17115,1,1
7105,7,合金宝箱,50007,60007,500,1,26,优秀巨兽靴,18102,1,20
7106,7,合金宝箱,50007,60007,500,1,26,无暇巨兽靴,18103,1,10
7107,7,合金宝箱,50007,60007,500,2,26,史诗巨兽靴,18104,1,4
7108,7,合金宝箱,50007,60007,500,2,26,传奇巨兽靴,18105,1,1
7109,7,合金宝箱,50007,60007,500,1,26,优秀抗辐药,20102,1,20
7110,7,合金宝箱,50007,60007,500,1,26,无暇抗辐药,20103,1,10
7111,7,合金宝箱,50007,60007,500,2,26,史诗抗辐药,20104,1,4
7112,7,合金宝箱,50007,60007,500,2,26,传奇抗辐药,20105,1,1
7113,7,合金宝箱,50007,60007,500,1,26,优秀自动追踪显像装置,21112,1,20
7114,7,合金宝箱,50007,60007,500,1,26,无暇自动追踪显像装置,21113,1,10
7115,7,合金宝箱,50007,60007,500,2,26,史诗自动追踪显像装置,21114,1,4
7116,7,合金宝箱,50007,60007,500,2,26,传奇自动追踪显像装置,21115,1,1
7117,7,合金宝箱,50007,60007,500,1,26,优秀咬人机械狗,22112,1,20
7118,7,合金宝箱,50007,60007,500,1,26,无暇咬人机械狗,22113,1,10
7119,7,合金宝箱,50007,60007,500,2,26,史诗咬人机械狗,22114,1,4
7120,7,合金宝箱,50007,60007,500,2,26,传奇咬人机械狗,22115,1,1
7121,7,合金宝箱,50007,60007,500,1,26,优秀溶解手雷,23102,1,20
7122,7,合金宝箱,50007,60007,500,1,26,无暇溶解手雷,23103,1,10
7123,7,合金宝箱,50007,60007,500,2,26,史诗溶解手雷,23104,1,4
7124,7,合金宝箱,50007,60007,500,2,26,传奇溶解手雷,23105,1,1
7125,7,合金宝箱,50007,60007,500,1,26,优秀冠军的奖杯,24112,1,20
7126,7,合金宝箱,50007,60007,500,1,26,无暇冠军的奖杯,24113,1,10
7127,7,合金宝箱,50007,60007,500,2,26,史诗冠军的奖杯,24114,1,4
7128,7,合金宝箱,50007,60007,500,2,26,传奇冠军的奖杯,24115,1,1
7129,7,合金宝箱,50007,60007,500,1,26,优秀冰结大盾,25102,1,20
7130,7,合金宝箱,50007,60007,500,1,26,无暇冰结大盾,25103,1,10
7131,7,合金宝箱,50007,60007,500,2,26,史诗冰结大盾,25104,1,4
7132,7,合金宝箱,50007,60007,500,2,26,传奇冰结大盾,25105,1,1
9000,9,金伯利宝箱,50009,60009,300,1,6,彩钻,30051,15,1800
9001,9,金伯利宝箱,50009,60009,300,1,6,彩钻,30051,25,900
9002,9,金伯利宝箱,50009,60009,300,1,6,彩钻,30051,35,400
9003,9,金伯利宝箱,50009,60009,300,1,6,彩钻,30051,45,50
9004,9,金伯利宝箱,50009,60009,300,2,4,图纸碎片,10004,25,200
9005,9,金伯利宝箱,50009,60009,300,1,20,便携交通工具,130001,1,300
9006,9,金伯利宝箱,50009,60009,300,1,20,轻型机动车,130002,1,200
9007,9,金伯利宝箱,50009,60009,300,1,21,初级探测器,130100,1,300
9008,9,金伯利宝箱,50009,60009,300,1,21,中级探测器,130101,1,200
9009,9,金伯利宝箱,50009,60009,300,1,22,初级战斗辅助器,130200,1,300
9010,9,金伯利宝箱,50009,60009,300,1,22,中级战斗辅助器,130201,1,200
9011,9,金伯利宝箱,50009,60009,300,1,24,初级战斗手册,130300,1,300
9012,9,金伯利宝箱,50009,60009,300,1,24,中级战斗手册,130301,1,200
9013,9,金伯利宝箱,50009,60009,300,1,18,小型经验箱,150006,1,200
9014,9,金伯利宝箱,50009,60009,300,1,18,中型经验箱,150007,1,200
9015,9,金伯利宝箱,50009,60009,300,1,25,维修工具,130400,1,200
9016,9,金伯利宝箱,50009,60009,300,2,23,功能饮料,150002,1,200
9017,9,金伯利宝箱,50009,60009,300,2,23,恢复药水,150001,1,300
9018,9,金伯利宝箱,50009,60009,300,2,24,大型经验箱,150008,1,200
9019,9,金伯利宝箱,50009,60009,300,2,22,高级战斗辅助器,130202,1,100
9020,9,金伯利宝箱,50009,60009,300,2,21,高级探测器,130102,1,100
9021,9,金伯利宝箱,50009,60009,300,2,20,大型机动车,130003,1,100
9022,9,金伯利宝箱,50009,60009,300,2,19,护卫进阶凭证,90002,1,120
9023,9,金伯利宝箱,50009,60009,300,2,19,突击手进阶凭证,90003,1,120
9024,9,金伯利宝箱,50009,60009,300,2,19,指挥官进阶凭证,90004,1,120
9025,9,金伯利宝箱,50009,60009,300,2,19,射手进阶凭证,90005,1,120
9026,9,金伯利宝箱,50009,60009,300,2,19,侦探进阶凭证,90006,1,120
9027,9,金伯利宝箱,50009,60009,300,2,19,忍者进阶凭证,90007,1,120
9028,9,金伯利宝箱,50009,60009,300,2,19,医生进阶凭证,90008,1,120
9029,9,金伯利宝箱,50009,60009,300,2,19,教授进阶凭证,90009,1,120
9030,9,金伯利宝箱,50009,60009,300,2,19,修士进阶凭证,90010,1,120
9031,9,金伯利宝箱,50009,60009,300,2,19,普通转职证书,90001,1,90
9032,9,金伯利宝箱,50009,60009,300,2,19,精英转职证书,90011,1,50
9033,9,金伯利宝箱,50009,60009,300,2,19,王牌转职证书,90012,1,10
9034,9,金伯利宝箱,50009,60009,300,2,19,传奇转职证书,90013,1,5
9035,9,金伯利宝箱,50009,60009,300,3,16,南瓜头盔,173140,1,100
9036,9,金伯利宝箱,50009,60009,300,3,16,南瓜手雷,183140,1,60
9037,9,金伯利宝箱,50009,60009,300,3,16,南瓜手枪,164160,1,50
9038,9,金伯利宝箱,50009,60009,300,3,16,能量装甲,171170,1,30
9039,9,金伯利宝箱,50009,60009,300,3,16,能量腿甲,176170,1,20
9040,9,金伯利宝箱,50009,60009,300,3,16,能量战靴,178140,1,15
9041,9,金伯利宝箱,50009,60009,300,3,16,重型南瓜盔,173150,1,30
9042,9,金伯利宝箱,50009,60009,300,3,16,金伯利彩刃,161180,1,150
9043,9,金伯利宝箱,50009,60009,300,3,16,金伯利巴雷特,167140,1,50
9044,9,金伯利宝箱,50009,60009,300,3,16,金伯利矿炸药,183160,1,30
9045,9,金伯利宝箱,50009,60009,300,3,16,金伯利十字弩,163140,1,30
9046,9,金伯利宝箱,50009,60009,300,3,16,金伯利钻地机,181160,1,20
9047,9,金伯利宝箱,50009,60009,300,3,16,金伯利夹克衫,172150,1,10
9048,9,金伯利宝箱,50009,60009,300,3,16,金伯利彩钻盾牌,185180,1,5
9049,9,金伯利宝箱,50009,60009,300,1,26,优秀南瓜头盔,13142,1,20
9050,9,金伯利宝箱,50009,60009,300,1,26,无暇南瓜头盔,13143,1,10
9051,9,金伯利宝箱,50009,60009,300,2,26,史诗南瓜头盔,13144,1,4
9052,9,金伯利宝箱,50009,60009,300,2,26,传奇南瓜头盔,13145,1,1
9053,9,金伯利宝箱,50009,60009,300,1,26,优秀南瓜手雷,23142,1,20
9054,9,金伯利宝箱,50009,60009,300,1,26,无暇南瓜手雷,23143,1,10
9055,9,金伯利宝箱,50009,60009,300,2,26,史诗南瓜手雷,23144,1,4
9056,9,金伯利宝箱,50009,60009,300,2,26,传奇南瓜手雷,23145,1,2
9057,9,金伯利宝箱,50009,60009,300,1,26,优秀南瓜手枪,4162,1,20
9058,9,金伯利宝箱,50009,60009,300,1,26,无暇南瓜手枪,4163,1,10
9059,9,金伯利宝箱,50009,60009,300,2,26,史诗南瓜手枪,4164,1,4
9060,9,金伯利宝箱,50009,60009,300,2,26,传奇南瓜手枪,4165,1,2
9061,9,金伯利宝箱,50009,60009,300,1,26,优秀恐怖战甲,10132,1,20
9062,9,金伯利宝箱,50009,60009,300,1,26,无暇恐怖战甲,10133,1,10
9063,9,金伯利宝箱,50009,60009,300,2,26,史诗恐怖战甲,10134,1,4
9064,9,金伯利宝箱,50009,60009,300,2,26,传奇恐怖战甲,10135,1,1
9065,9,金伯利宝箱,50009,60009,300,1,26,优秀恐怖面罩,14172,1,20
9066,9,金伯利宝箱,50009,60009,300,1,26,无暇恐怖面罩,14173,1,10
9067,9,金伯利宝箱,50009,60009,300,2,26,史诗恐怖面罩,14174,1,4
9068,9,金伯利宝箱,50009,60009,300,2,26,传奇恐怖面罩,14175,1,1
9069,9,金伯利宝箱,50009,60009,300,1,26,优秀恐怖护腿,15142,1,20
9070,9,金伯利宝箱,50009,60009,300,1,26,无暇恐怖护腿,15143,1,10
9071,9,金伯利宝箱,50009,60009,300,2,26,史诗恐怖护腿,15144,1,4
9072,9,金伯利宝箱,50009,60009,300,2,26,传奇恐怖护腿,15145,1,1
9073,9,金伯利宝箱,50009,60009,300,1,26,优秀恐怖战靴,17162,1,20
9074,9,金伯利宝箱,50009,60009,300,1,26,无暇恐怖战靴,17163,1,10
9075,9,金伯利宝箱,50009,60009,300,2,26,史诗恐怖战靴,17164,1,4
9076,9,金伯利宝箱,50009,60009,300,2,26,传奇恐怖战靴,17165,1,1
9077,9,金伯利宝箱,50009,60009,300,1,26,优秀鬼头镰刀,1172,1,20
9078,9,金伯利宝箱,50009,60009,300,1,26,无暇鬼头镰刀,1173,1,10
9079,9,金伯利宝箱,50009,60009,300,2,26,史诗鬼头镰刀,1174,1,4
9080,9,金伯利宝箱,50009,60009,300,2,26,传奇鬼头镰刀,1175,1,1
9081,9,金伯利宝箱,50009,60009,300,1,26,优秀绿色礼帽,14152,1,20
9082,9,金伯利宝箱,50009,60009,300,1,26,无暇绿色礼帽,14153,1,10
9083,9,金伯利宝箱,50009,60009,300,2,26,史诗绿色礼帽,14154,1,4
9084,9,金伯利宝箱,50009,60009,300,2,26,传奇绿色礼帽,14155,1,2
9085,9,金伯利宝箱,50009,60009,300,1,26,优秀重型南瓜盔,13152,1,20
9086,9,金伯利宝箱,50009,60009,300,1,26,无暇重型南瓜盔,13153,1,10
9087,9,金伯利宝箱,50009,60009,300,2,26,史诗重型南瓜盔,13154,1,4
9088,9,金伯利宝箱,50009,60009,300,2,26,传奇重型南瓜盔,13155,1,1
9089,9,金伯利宝箱,50009,60009,300,1,26,优秀盛宴礼服,12132,1,20
9090,9,金伯利宝箱,50009,60009,300,1,26,无暇盛宴礼服,12133,1,10
9091,9,金伯利宝箱,50009,60009,300,2,26,史诗盛宴礼服,12134,1,4
9092,9,金伯利宝箱,50009,60009,300,2,26,传奇盛宴礼服,12135,1,2
9093,9,金伯利宝箱,50009,60009,300,1,26,优秀盛宴礼帽,14162,1,20
9094,9,金伯利宝箱,50009,60009,300,1,26,无暇盛宴礼帽,14163,1,10
9095,9,金伯利宝箱,50009,60009,300,2,26,史诗盛宴礼帽,14164,1,4
9096,9,金伯利宝箱,50009,60009,300,2,26,传奇盛宴礼帽,14165,1,2
9097,9,金伯利宝箱,50009,60009,300,1,26,优秀盛宴短裤,15152,1,20
9098,9,金伯利宝箱,50009,60009,300,1,26,无暇盛宴短裤,15153,1,10
9099,9,金伯利宝箱,50009,60009,300,2,26,史诗盛宴短裤,15154,1,4
9100,9,金伯利宝箱,50009,60009,300,2,26,传奇盛宴短裤,15155,1,2
9101,9,金伯利宝箱,50009,60009,300,1,26,优秀盛宴袜鞋,17172,1,20
9102,9,金伯利宝箱,50009,60009,300,1,26,无暇盛宴袜鞋,17173,1,10
9103,9,金伯利宝箱,50009,60009,300,2,26,史诗盛宴袜鞋,17174,1,4
9104,9,金伯利宝箱,50009,60009,300,2,26,传奇盛宴袜鞋,17175,1,2
9105,9,金伯利宝箱,50009,60009,300,1,26,优秀能量装甲,11172,1,20
9106,9,金伯利宝箱,50009,60009,300,1,26,无暇能量装甲,11173,1,10
9107,9,金伯利宝箱,50009,60009,300,2,26,史诗能量装甲,11174,1,4
9108,9,金伯利宝箱,50009,60009,300,2,26,传奇能量装甲,11175,1,1
9109,9,金伯利宝箱,50009,60009,300,1,26,优秀能量腿甲,16172,1,20
9110,9,金伯利宝箱,50009,60009,300,1,26,无暇能量腿甲,16173,1,10
9111,9,金伯利宝箱,50009,60009,300,2,26,史诗能量腿甲,16174,1,4
9112,9,金伯利宝箱,50009,60009,300,2,26,传奇能量腿甲,16175,1,1
9113,9,金伯利宝箱,50009,60009,300,1,26,优秀能量战靴,18142,1,20
9114,9,金伯利宝箱,50009,60009,300,1,26,无暇能量战靴,18143,1,10
9115,9,金伯利宝箱,50009,60009,300,2,26,史诗能量战靴,18144,1,4
9116,9,金伯利宝箱,50009,60009,300,2,26,传奇能量战靴,18145,1,1
9117,9,金伯利宝箱,50009,60009,300,1,26,优秀金伯利彩刃,1182,1,20
9118,9,金伯利宝箱,50009,60009,300,1,26,无暇金伯利彩刃,1183,1,10
9119,9,金伯利宝箱,50009,60009,300,2,26,史诗金伯利彩刃,1184,1,4
9120,9,金伯利宝箱,50009,60009,300,2,26,传奇金伯利彩刃,1185,1,2
9121,9,金伯利宝箱,50009,60009,300,1,26,优秀金伯利十字弩,3142,1,20
9122,9,金伯利宝箱,50009,60009,300,1,26,无暇金伯利十字弩,3143,1,10
9123,9,金伯利宝箱,50009,60009,300,2,26,史诗金伯利十字弩,3144,1,4
9124,9,金伯利宝箱,50009,60009,300,2,26,传奇金伯利十字弩,3145,1,1
9125,9,金伯利宝箱,50009,60009,300,1,26,优秀金伯利彩弹短枪,4182,1,20
9126,9,金伯利宝箱,50009,60009,300,1,26,无暇金伯利彩弹短枪,4183,1,10
9127,9,金伯利宝箱,50009,60009,300,2,26,史诗金伯利彩弹短枪,4184,1,4
9128,9,金伯利宝箱,50009,60009,300,2,26,传奇金伯利彩弹短枪,4185,1,1
9129,9,金伯利宝箱,50009,60009,300,1,26,优秀金伯利巴雷特,7142,1,20
9130,9,金伯利宝箱,50009,60009,300,1,26,无暇金伯利巴雷特,7143,1,10
9131,9,金伯利宝箱,50009,60009,300,2,26,史诗金伯利巴雷特,7144,1,4
9132,9,金伯利宝箱,50009,60009,300,2,26,传奇金伯利巴雷特,7145,1,1
9133,9,金伯利宝箱,50009,60009,300,1,26,优秀金伯利动力装甲,11192,1,20
9134,9,金伯利宝箱,50009,60009,300,1,26,无暇金伯利动力装甲,11193,1,10
9135,9,金伯利宝箱,50009,60009,300,2,26,史诗金伯利动力装甲,11194,1,4
9136,9,金伯利宝箱,50009,60009,300,2,26,传奇金伯利动力装甲,11195,1,1
9137,9,金伯利宝箱,50009,60009,300,1,26,优秀金伯利夹克衫,12152,1,20
9138,9,金伯利宝箱,50009,60009,300,1,26,无暇金伯利夹克衫,12153,1,10
9139,9,金伯利宝箱,50009,60009,300,2,26,史诗金伯利夹克衫,12154,1,4
9140,9,金伯利宝箱,50009,60009,300,2,26,传奇金伯利夹克衫,12155,1,1
9141,9,金伯利宝箱,50009,60009,300,1,26,优秀金伯利动力头盔,13172,1,20
9142,9,金伯利宝箱,50009,60009,300,1,26,无暇金伯利动力头盔,13173,1,10
9143,9,金伯利宝箱,50009,60009,300,2,26,史诗金伯利动力头盔,13174,1,4
9144,9,金伯利宝箱,50009,60009,300,2,26,传奇金伯利动力头盔,13175,1,1
9145,9,金伯利宝箱,50009,60009,300,1,26,优秀金伯利动力腿甲,16192,1,20
9146,9,金伯利宝箱,50009,60009,300,1,26,无暇金伯利动力腿甲,16193,1,10
9147,9,金伯利宝箱,50009,60009,300,2,26,史诗金伯利动力腿甲,16194,1,4
9148,9,金伯利宝箱,50009,60009,300,2,26,传奇金伯利动力腿甲,16195,1,1
9149,9,金伯利宝箱,50009,60009,300,1,26,优秀金伯利动力战靴,18162,1,20
9150,9,金伯利宝箱,50009,60009,300,1,26,无暇金伯利动力战靴,18163,1,10
9151,9,金伯利宝箱,50009,60009,300,2,26,史诗金伯利动力战靴,18164,1,4
9152,9,金伯利宝箱,50009,60009,300,2,26,传奇金伯利动力战靴,18165,1,1
9153,9,金伯利宝箱,50009,60009,300,1,26,优秀金伯利钻地机,21162,1,20
9154,9,金伯利宝箱,50009,60009,300,1,26,无暇金伯利钻地机,21163,1,10
9155,9,金伯利宝箱,50009,60009,300,2,26,史诗金伯利钻地机,21164,1,4
9156,9,金伯利宝箱,50009,60009,300,2,26,传奇金伯利钻地机,21165,1,1
9157,9,金伯利宝箱,50009,60009,300,1,26,优秀金伯利矿炸药,23162,1,20
9158,9,金伯利宝箱,50009,60009,300,1,26,无暇金伯利矿炸药,23163,1,10
9159,9,金伯利宝箱,50009,60009,300,2,26,史诗金伯利矿炸药,23164,1,4
9160,9,金伯利宝箱,50009,60009,300,2,26,传奇金伯利矿炸药,23165,1,1
9161,9,金伯利宝箱,50009,60009,300,1,26,优秀金伯利彩钻盾牌,25182,1,20
9162,9,金伯利宝箱,50009,60009,300,1,26,无暇金伯利彩钻盾牌,25183,1,10
9163,9,金伯利宝箱,50009,60009,300,2,26,史诗金伯利彩钻盾牌,25184,1,4
9164,9,金伯利宝箱,50009,60009,300,2,26,传奇金伯利彩钻盾牌,25185,1,1
